取得時刻UTC,基軸資産照会,基軸資産アドレス,DEX,プールアドレス（pairAddress）,DEX Screener URL,ベースシンボル,ベース名称,ベースコントラクト,クオートシンボル,クオート名称,クオートコントラクト,流動性USD（API時点）,24時間出来高USD（API時点）,24時間買い件数（API時点）,24時間売り件数（API時点）,同一pairAddressで重複したAPI行数
2026-09-06T09:56:45.284704+00:00,ネイティブETH,0x0000000000000000000000000000000000000000,uniswap,0x00dd2df2f17d431cf3a0938f06c9cf9abc5e9643b6cc466ca3f71f3af246edf3,https://dexscreener.com/robinhood/0x00dd2df2f17d431cf3a0938f06c9cf9abc5e9643b6cc466ca3f71f3af246edf3,Index,The Index,0x56910d4409f3a0c78c64dd8d0545ff0705389870,ETH,Ether,0x0000000000000000000000000000000000000000,999522.76,293591.96,402,215,1
2026-09-06T09:56:44.836859+00:00,WETH,0x0bd7d308f8e1639fab988df18a8011f41eacad73,uniswap,0x10cc6bd38112cac182db90b6a71d8bb5939526ba,https://dexscreener.com/robinhood/0x10cc6bd38112cac182db90b6a71d8bb5939526ba,PONS,Pons,0x39dbed3a2bd333467115de45665cc57f813c4571,WETH,WETH,0x0bd7d308f8e1639fab988df18a8011f41eacad73,8735841.81,10683736.58,7981,5306,1
2026-09-06T09:56:44.836859+00:00,WETH,0x0bd7d308f8e1639fab988df18a8011f41eacad73,parity,0x12eee2faf5d447203fe371e564bd884d8aa3a679,https://dexscreener.com/robinhood/0x12eee2faf5d447203fe371e564bd884d8aa3a679,WETH,WETH,0x0bd7d308f8e1639fab988df18a8011f41eacad73,USDG,Global Dollar,0x5fc5360d0400a0fd4f2af552add042d716f1d168,293.14,1.16,17,6,1
2026-09-06T09:56:44.431941+00:00,USDG,0x5fc5360d0400a0fd4f2af552add042d716f1d168,uniswap,0x14f8cf472104b8823340025c004d022de12ab0e4d7e8112a6dc73c1979e044ad,https://dexscreener.com/robinhood/0x14f8cf472104b8823340025c004d022de12ab0e4d7e8112a6dc73c1979e044ad,USDG,Global Dollar,0x5fc5360d0400a0fd4f2af552add042d716f1d168,WETH,WETH,0x0bd7d308f8e1639fab988df18a8011f41eacad73,109366.76,394790.51,2327,2257,1
2026-09-06T09:56:44.836859+00:00,WETH,0x0bd7d308f8e1639fab988df18a8011f41eacad73,up,0x16679e2ac1a798865ecf1c1639e67693ddb1c220,https://dexscreener.com/robinhood/0x16679e2ac1a798865ecf1c1639e67693ddb1c220,WETH,WETH,0x0bd7d308f8e1639fab988df18a8011f41eacad73,USDG,Global Dollar,0x5fc5360d0400a0fd4f2af552add042d716f1d168,425778.83,35247604.56,62824,57578,1
2026-09-06T09:56:45.284704+00:00,ネイティブETH,0x0000000000000000000000000000000000000000,uniswap,0x1aaf1fc2dc0b74175800920425642a857f029e13398565b370ab40d1cf485e3d,https://dexscreener.com/robinhood/0x1aaf1fc2dc0b74175800920425642a857f029e13398565b370ab40d1cf485e3d,Onboard,Onboard,0x1a3876a32619cf2668e91ebcd90a596537ec8695,ETH,Ether,0x0000000000000000000000000000000000000000,26249.82,2701714.58,11899,10047,1
2026-09-06T09:56:45.284704+00:00,ネイティブETH,0x0000000000000000000000000000000000000000,uniswap,0x1f54973df575f2dcf77c2993625be999738d794314569f2c97d54520437ea2ce,https://dexscreener.com/robinhood/0x1f54973df575f2dcf77c2993625be999738d794314569f2c97d54520437ea2ce,GRACE,Grace,0xce221b17b872a5782be1b29305494a53e4985c9c,ETH,Ether,0x0000000000000000000000000000000000000000,28866.89,4430994.44,10957,8912,1
2026-09-06T09:56:44.836859+00:00,WETH,0x0bd7d308f8e1639fab988df18a8011f41eacad73,robinswap,0x216a13f93031ae9e15305b038d5c9dc5f46cf418,https://dexscreener.com/robinhood/0x216a13f93031ae9e15305b038d5c9dc5f46cf418,WETH,WETH,0x0bd7d308f8e1639fab988df18a8011f41eacad73,USDG,Global Dollar,0x5fc5360d0400a0fd4f2af552add042d716f1d168,1119.99,0.13,11,3,1
2026-09-06T09:56:44.431941+00:00,USDG,0x5fc5360d0400a0fd4f2af552add042d716f1d168,uniswap,0x2180843805e49f2ad9ec44a88229e3b37ad825ca537cc3bdcae20485cada59e4,https://dexscreener.com/robinhood/0x2180843805e49f2ad9ec44a88229e3b37ad825ca537cc3bdcae20485cada59e4,USDG,Global Dollar,0x5fc5360d0400a0fd4f2af552add042d716f1d168,ETH,Ether,0x0000000000000000000000000000000000000000,17539.68,1651325.85,12036,14043,1
2026-09-06T09:56:44.431941+00:00,USDG,0x5fc5360d0400a0fd4f2af552add042d716f1d168,uniswap,0x22d3702ed023ea852d47260bb4945a90d354fbe4cd70199893b18d7cd32bdc33,https://dexscreener.com/robinhood/0x22d3702ed023ea852d47260bb4945a90d354fbe4cd70199893b18d7cd32bdc33,USDG,Global Dollar,0x5fc5360d0400a0fd4f2af552add042d716f1d168,WETH,WETH,0x0bd7d308f8e1639fab988df18a8011f41eacad73,184689.86,42475.6,9,19,1
2026-09-06T09:56:44.431941+00:00,USDG,0x5fc5360d0400a0fd4f2af552add042d716f1d168,uniswap,0x24107d152f14a76d292123265ae3f3c71f863fc2f4ef7ba49d64e78d28ea379e,https://dexscreener.com/robinhood/0x24107d152f14a76d292123265ae3f3c71f863fc2f4ef7ba49d64e78d28ea379e,USDG,Global Dollar,0x5fc5360d0400a0fd4f2af552add042d716f1d168,ETH,Ether,0x0000000000000000000000000000000000000000,831603.62,34905100.42,40704,48628,1
2026-09-06T09:56:44.836859+00:00,WETH,0x0bd7d308f8e1639fab988df18a8011f41eacad73,0x10253594A832f967994b44f33411940533302ACb,0x249c7cb82ace314617f333d9e365ad99e9a56eef,https://dexscreener.com/robinhood/0x249c7cb82ace314617f333d9e365ad99e9a56eef,WETH,WETH,0x0bd7d308f8e1639fab988df18a8011f41eacad73,USDG,Global Dollar,0x5fc5360d0400a0fd4f2af552add042d716f1d168,248.08,0.0,1,0,1
2026-09-06T09:56:44.431941+00:00,USDG,0x5fc5360d0400a0fd4f2af552add042d716f1d168,uniswap,0x251c1b779f3fa73fb6d319e32209b3320f8ac63e5b51b244fedbedb185a55582,https://dexscreener.com/robinhood/0x251c1b779f3fa73fb6d319e32209b3320f8ac63e5b51b244fedbedb185a55582,USDG,Global Dollar,0x5fc5360d0400a0fd4f2af552add042d716f1d168,ETH,Ether,0x0000000000000000000000000000000000000000,516343.26,1660330.28,302,328,1
2026-09-06T09:56:44.431941+00:00,USDG,0x5fc5360d0400a0fd4f2af552add042d716f1d168,uniswap,0x272ba860128a20a6246442a468848ab4b45f222df1d8e86c5140e063f631906e,https://dexscreener.com/robinhood/0x272ba860128a20a6246442a468848ab4b45f222df1d8e86c5140e063f631906e,USDG,Global Dollar,0x5fc5360d0400a0fd4f2af552add042d716f1d168,WETH,WETH,0x0bd7d308f8e1639fab988df18a8011f41eacad73,184555.31,62258.9,6,12,1
2026-09-06T09:56:45.284704+00:00,ネイティブETH,0x0000000000000000000000000000000000000000,uniswap,0x2993b198be37bd7f53c64dc1c13ebf1330c9d61e65a1abe058c3b4d7a2643016,https://dexscreener.com/robinhood/0x2993b198be37bd7f53c64dc1c13ebf1330c9d61e65a1abe058c3b4d7a2643016,PONSERS,Ponsers,0xb9e75a12de07c55c1496b36dcdac55764440b8c8,ETH,Ether,0x0000000000000000000000000000000000000000,44379.52,76742.96,769,542,1
2026-09-06T09:56:45.284704+00:00,ネイティブETH,0x0000000000000000000000000000000000000000,uniswap,0x2a5c52399e7858bf17560f410d16447a13da117f42ec504a84ca24a9176d15e7,https://dexscreener.com/robinhood/0x2a5c52399e7858bf17560f410d16447a13da117f42ec504a84ca24a9176d15e7,NEST,Nest,0x8e859dbdfbfd2df6a99870e2871eaa58e8784e05,ETH,Ether,0x0000000000000000000000000000000000000000,104296.88,2661944.47,6860,5867,1
2026-09-06T09:56:45.284704+00:00,ネイティブETH,0x0000000000000000000000000000000000000000,uniswap,0x2f99fc4916ee4b34df2bd31903a87624ddf1156a9ef6fdf063e66ea8b7a1aff7,https://dexscreener.com/robinhood/0x2f99fc4916ee4b34df2bd31903a87624ddf1156a9ef6fdf063e66ea8b7a1aff7,🅿️,Pushin' 🅿️,0x2ff153ba4591d1b134e1e2ef42fd897d2e686cc3,ETH,Ether,0x0000000000000000000000000000000000000000,5891.4,918606.31,6205,5688,1
2026-09-06T09:56:45.284704+00:00,ネイティブETH,0x0000000000000000000000000000000000000000,uniswap,0x31c5c3dd25a1b1203af847dbb0663aa94b7e217496265a07319d4407fbd504eb,https://dexscreener.com/robinhood/0x31c5c3dd25a1b1203af847dbb0663aa94b7e217496265a07319d4407fbd504eb,ZCAT,Anonymous Cat,0x352d33f364a78cc3d9c93335361af7d794e6758e,ETH,Ether,0x0000000000000000000000000000000000000000,11694.47,475210.53,2496,2425,1
2026-09-06T09:56:44.431941+00:00,USDG,0x5fc5360d0400a0fd4f2af552add042d716f1d168,uniswap,0x31e1a036ac0226799c7a8409b2cd22a4f5e52d96a4394ad77a6a3a07bdbc1436,https://dexscreener.com/robinhood/0x31e1a036ac0226799c7a8409b2cd22a4f5e52d96a4394ad77a6a3a07bdbc1436,USDG,Global Dollar,0x5fc5360d0400a0fd4f2af552add042d716f1d168,WETH,WETH,0x0bd7d308f8e1639fab988df18a8011f41eacad73,183608.97,3381.78,0,1,1
2026-09-06T09:56:44.431941+00:00,USDG,0x5fc5360d0400a0fd4f2af552add042d716f1d168,uniswap,0x3b0cbf0603ecc67b5fc9bb4fbb6ac9e08d3b2f406b63d1662a36063a7fe5e866,https://dexscreener.com/robinhood/0x3b0cbf0603ecc67b5fc9bb4fbb6ac9e08d3b2f406b63d1662a36063a7fe5e866,USDG,Global Dollar,0x5fc5360d0400a0fd4f2af552add042d716f1d168,ETH,Ether,0x0000000000000000000000000000000000000000,152510.73,14493455.37,33796,38609,1
2026-09-06T09:56:44.836859+00:00,WETH,0x0bd7d308f8e1639fab988df18a8011f41eacad73,swaphood,0x42025eade4e6390bade2abbc12c232dc06a66f50,https://dexscreener.com/robinhood/0x42025eade4e6390bade2abbc12c232dc06a66f50,WETH,WETH,0x0bd7d308f8e1639fab988df18a8011f41eacad73,USDG,Global Dollar,0x5fc5360d0400a0fd4f2af552add042d716f1d168,21.28,0.04,5,0,1
2026-09-06T09:56:44.836859+00:00,WETH,0x0bd7d308f8e1639fab988df18a8011f41eacad73,synthra,0x45436fe7b78764e3a415f5bdce50430b1b1f1d0a,https://dexscreener.com/robinhood/0x45436fe7b78764e3a415f5bdce50430b1b1f1d0a,WETH,WETH,0x0bd7d308f8e1639fab988df18a8011f41eacad73,USDG,Global Dollar,0x5fc5360d0400a0fd4f2af552add042d716f1d168,315.22,2.88,2,0,1
2026-09-06T09:56:44.431941+00:00,USDG,0x5fc5360d0400a0fd4f2af552add042d716f1d168,uniswap,0x455a84938ce4bba51ec08c9cef33bb277b3ac80953b50920830d62ce1c7124a9,https://dexscreener.com/robinhood/0x455a84938ce4bba51ec08c9cef33bb277b3ac80953b50920830d62ce1c7124a9,USDG,Global Dollar,0x5fc5360d0400a0fd4f2af552add042d716f1d168,WETH,WETH,0x0bd7d308f8e1639fab988df18a8011f41eacad73,184519.18,40600.88,5,4,1
2026-09-06T09:56:45.284704+00:00,ネイティブETH,0x0000000000000000000000000000000000000000,uniswap,0x47631aedb7cc03d2f0d2452dd94fee1f1a149a3792fe9a2b413d4394a1a0f2a4,https://dexscreener.com/robinhood/0x47631aedb7cc03d2f0d2452dd94fee1f1a149a3792fe9a2b413d4394a1a0f2a4,UNIPCS,Unipcs,0x7df5daaf80e65dfcc7a1435d9b52bcf2b5753fbe,ETH,Ether,0x0000000000000000000000000000000000000000,172037.06,8606954.53,15750,13056,1
2026-09-06T09:56:45.284704+00:00,ネイティブETH,0x0000000000000000000000000000000000000000,uniswap,0x48f9cb210e8f2165c2503e1d8963aa0b04d9dcb288a8afcbd2119e64a98840d0,https://dexscreener.com/robinhood/0x48f9cb210e8f2165c2503e1d8963aa0b04d9dcb288a8afcbd2119e64a98840d0,ARC,Arc Finance,0x7ad7b2256ffcf7c6f7c7d95cf238d2ecc2c485e0,ETH,Ether,0x0000000000000000000000000000000000000000,37718.61,1363320.28,4660,3883,1
2026-09-06T09:56:44.836859+00:00,WETH,0x0bd7d308f8e1639fab988df18a8011f41eacad73,0xf03875b5Ec5eAc83cab83A6c2ab17844304AA7a0,0x49ffa9b5cb6c94b2fc99e8649c3e4c18f619e149,https://dexscreener.com/robinhood/0x49ffa9b5cb6c94b2fc99e8649c3e4c18f619e149,WETH,WETH,0x0bd7d308f8e1639fab988df18a8011f41eacad73,USDG,Global Dollar,0x5fc5360d0400a0fd4f2af552add042d716f1d168,272.52,185.01,8,5,1
2026-09-06T09:56:44.431941+00:00,USDG,0x5fc5360d0400a0fd4f2af552add042d716f1d168,uniswap,0x4af6ada658be881d02d47d303ac38f9b3d561da8c5f9ec30c29f92297ec5e6d8,https://dexscreener.com/robinhood/0x4af6ada658be881d02d47d303ac38f9b3d561da8c5f9ec30c29f92297ec5e6d8,USDG,Global Dollar,0x5fc5360d0400a0fd4f2af552add042d716f1d168,WETH,WETH,0x0bd7d308f8e1639fab988df18a8011f41eacad73,349697.58,37013.43,7,8,1
2026-09-06T09:56:44.431941+00:00,USDG,0x5fc5360d0400a0fd4f2af552add042d716f1d168,uniswap,0x50a42dadc20f2431199cce83fa21217ae51d1ce500bb38f2b14df8b421f066c8,https://dexscreener.com/robinhood/0x50a42dadc20f2431199cce83fa21217ae51d1ce500bb38f2b14df8b421f066c8,USDG,Global Dollar,0x5fc5360d0400a0fd4f2af552add042d716f1d168,WETH,WETH,0x0bd7d308f8e1639fab988df18a8011f41eacad73,184564.75,10204.4,2,2,1
2026-09-06T09:56:44.836859+00:00,WETH,0x0bd7d308f8e1639fab988df18a8011f41eacad73,uniswap,0x52e65b17fb6e5ba00ed806f37afcd2daa50271ca,https://dexscreener.com/robinhood/0x52e65b17fb6e5ba00ed806f37afcd2daa50271ca,WETH,WETH,0x0bd7d308f8e1639fab988df18a8011f41eacad73,USDG,Global Dollar,0x5fc5360d0400a0fd4f2af552add042d716f1d168,29850378.42,640898028.51,988964,945219,1
2026-09-06T09:56:44.836859+00:00,WETH,0x0bd7d308f8e1639fab988df18a8011f41eacad73,sheriff,0x536a7b19abb933bf6319e0b8817e733bba166674,https://dexscreener.com/robinhood/0x536a7b19abb933bf6319e0b8817e733bba166674,WETH,WETH,0x0bd7d308f8e1639fab988df18a8011f41eacad73,USDG,Global Dollar,0x5fc5360d0400a0fd4f2af552add042d716f1d168,13640.77,105276.77,1077,1305,1
2026-09-06T09:56:44.431941+00:00,USDG,0x5fc5360d0400a0fd4f2af552add042d716f1d168,uniswap,0x54f7883914619af9105355bf83ed678bcf9f63560218ac61c9963b9503d0ba32,https://dexscreener.com/robinhood/0x54f7883914619af9105355bf83ed678bcf9f63560218ac61c9963b9503d0ba32,USDG,Global Dollar,0x5fc5360d0400a0fd4f2af552add042d716f1d168,ETH,Ether,0x0000000000000000000000000000000000000000,1753404.09,2842753.9,7930,7938,1
2026-09-06T09:56:44.836859+00:00,WETH,0x0bd7d308f8e1639fab988df18a8011f41eacad73,ramses,0x584eb229d4130f68d8d323e8e1e787be47260d70,https://dexscreener.com/robinhood/0x584eb229d4130f68d8d323e8e1e787be47260d70,WETH,WETH,0x0bd7d308f8e1639fab988df18a8011f41eacad73,USDG,Global Dollar,0x5fc5360d0400a0fd4f2af552add042d716f1d168,8.79,2.47,10,11,1
2026-09-06T09:56:45.284704+00:00,ネイティブETH,0x0000000000000000000000000000000000000000,uniswap,0x590dcb6a87828bf688b48089a62239b693378f1fb64d2286e6a399ed8c005fdf,https://dexscreener.com/robinhood/0x590dcb6a87828bf688b48089a62239b693378f1fb64d2286e6a399ed8c005fdf,HOOKR,Hookr.fun,0x18e674231a58c239dc7daedcffe15ec3a24cff5c,ETH,Ether,0x0000000000000000000000000000000000000000,899880.78,2604467.7,2352,2210,1
2026-09-06T09:56:44.836859+00:00,WETH,0x0bd7d308f8e1639fab988df18a8011f41eacad73,ramses,0x5c919acb310764e27b1dd09541f3f63d4de4c701,https://dexscreener.com/robinhood/0x5c919acb310764e27b1dd09541f3f63d4de4c701,WETH,WETH,0x0bd7d308f8e1639fab988df18a8011f41eacad73,USDG,Global Dollar,0x5fc5360d0400a0fd4f2af552add042d716f1d168,1270.54,357.98,47,13,1
2026-09-06T09:56:44.836859+00:00,WETH,0x0bd7d308f8e1639fab988df18a8011f41eacad73,uniswap,0x5f009e071f07e92b6c624e83f52f17bbda34680d,https://dexscreener.com/robinhood/0x5f009e071f07e92b6c624e83f52f17bbda34680d,WETH,WETH,0x0bd7d308f8e1639fab988df18a8011f41eacad73,USDG,Global Dollar,0x5fc5360d0400a0fd4f2af552add042d716f1d168,526.36,827.37,38,14,1
2026-09-06T09:56:45.284704+00:00,ネイティブETH,0x0000000000000000000000000000000000000000,uniswap,0x64c5dbbee60473344dc6f7b11391ff9c7bb7464c0d5ecfb0d311ff26df9f8c77,https://dexscreener.com/robinhood/0x64c5dbbee60473344dc6f7b11391ff9c7bb7464c0d5ecfb0d311ff26df9f8c77,GRASS,Touch Grass,0x16391c40e85fb2246a2c8c17bfa2594c5d3ef84b,ETH,Ether,0x0000000000000000000000000000000000000000,215620.97,1608565.19,1418,1522,1
2026-09-06T09:56:45.284704+00:00,ネイティブETH,0x0000000000000000000000000000000000000000,uniswap,0x6538e2c223ed70228114983afecbe5e69fe627e2fafdf367bdd6bdeff2ad391f,https://dexscreener.com/robinhood/0x6538e2c223ed70228114983afecbe5e69fe627e2fafdf367bdd6bdeff2ad391f,ZZZ,ZZZ,0x7dbf38976f6d3b9c529e7d9484a71898b409ee6a,ETH,Ether,0x0000000000000000000000000000000000000000,541552.11,11876378.5,11295,11760,1
2026-09-06T09:56:45.284704+00:00,ネイティブETH,0x0000000000000000000000000000000000000000,uniswap,0x66afd314846523485d2e9505e46871fa49b8dfe4090d0f48d2580e89412097a9,https://dexscreener.com/robinhood/0x66afd314846523485d2e9505e46871fa49b8dfe4090d0f48d2580e89412097a9,AOBS,Agent OBS,0x47366e0f257ac009e82bd46fb74e2fb50826ce98,ETH,Ether,0x0000000000000000000000000000000000000000,65479.58,1301160.94,3799,2695,1
2026-09-06T09:56:44.836859+00:00,WETH,0x0bd7d308f8e1639fab988df18a8011f41eacad73,uniswap,0x69bfaf19c9f377bb306a89aed9f6b07e2c1a8d9a,https://dexscreener.com/robinhood/0x69bfaf19c9f377bb306a89aed9f6b07e2c1a8d9a,WETH,WETH,0x0bd7d308f8e1639fab988df18a8011f41eacad73,USDG,Global Dollar,0x5fc5360d0400a0fd4f2af552add042d716f1d168,5424790.1,18944623.01,50190,45792,1
2026-09-06T09:56:45.284704+00:00,ネイティブETH,0x0000000000000000000000000000000000000000,uniswap,0x6b7ec92db862dfb33576fcde7db4abbec3ab06897bab2cb1c6841832ed75b15f,https://dexscreener.com/robinhood/0x6b7ec92db862dfb33576fcde7db4abbec3ab06897bab2cb1c6841832ed75b15f,MINEFLY,Minecraft Fruit Fly,0x6bedf70814dafd07ed1368bd81e3af204fff6d7b,ETH,Ether,0x0000000000000000000000000000000000000000,6820.91,847437.79,5481,5628,1
2026-09-06T09:56:45.284704+00:00,ネイティブETH,0x0000000000000000000000000000000000000000,uniswap,0x70b5b746dc36c648893dafdf4b98d708a07673dfc1b3a0bb9dd70e36c0569f68,https://dexscreener.com/robinhood/0x70b5b746dc36c648893dafdf4b98d708a07673dfc1b3a0bb9dd70e36c0569f68,FATCOIN,FATCOIN,0x12d5ee7917ca430073c3a638ee1e6f0648a98a01,ETH,Ether,0x0000000000000000000000000000000000000000,133531.81,3396618.01,2720,2616,1
2026-09-06T09:56:44.431941+00:00,USDG,0x5fc5360d0400a0fd4f2af552add042d716f1d168,uniswap,0x72937c4aa3f88d8b1cb4503a05cd4f231efcda115a8ae5f7c9243e1a6226251b,https://dexscreener.com/robinhood/0x72937c4aa3f88d8b1cb4503a05cd4f231efcda115a8ae5f7c9243e1a6226251b,USDG,Global Dollar,0x5fc5360d0400a0fd4f2af552add042d716f1d168,WETH,WETH,0x0bd7d308f8e1639fab988df18a8011f41eacad73,179679.37,31696.88,4,2,1
2026-09-06T09:56:45.284704+00:00,ネイティブETH,0x0000000000000000000000000000000000000000,uniswap,0x77a0e74e47ddb1b74cc5fbcaf5f39d97ef89c51525a97d141529c6331da7da10,https://dexscreener.com/robinhood/0x77a0e74e47ddb1b74cc5fbcaf5f39d97ef89c51525a97d141529c6331da7da10,CATSTRO,Fidel Catstro,0x157a752f3446fe891d6e2881006813703fbb3ad9,ETH,Ether,0x0000000000000000000000000000000000000000,40697.23,1724970.98,5497,5058,1
2026-09-06T09:56:45.284704+00:00,ネイティブETH,0x0000000000000000000000000000000000000000,uniswap,0x78c5655cf64d5dcc13d3db21d0d72b460b4b360251618efcd21ab32a14c5fab4,https://dexscreener.com/robinhood/0x78c5655cf64d5dcc13d3db21d0d72b460b4b360251618efcd21ab32a14c5fab4,par,par,0x507b6f349a80114097a67b8b4677367acc15b220,ETH,Ether,0x0000000000000000000000000000000000000000,354072.5,5047823.07,5956,5105,1
2026-09-06T09:56:44.836859+00:00,WETH,0x0bd7d308f8e1639fab988df18a8011f41eacad73,alandale,0x7a35168956f129c032ec035cc47383a605a71df0,https://dexscreener.com/robinhood/0x7a35168956f129c032ec035cc47383a605a71df0,WETH,WETH,0x0bd7d308f8e1639fab988df18a8011f41eacad73,USDG,Global Dollar,0x5fc5360d0400a0fd4f2af552add042d716f1d168,159565.03,5868089.5,13654,14730,1
2026-09-06T09:56:44.431941+00:00,USDG,0x5fc5360d0400a0fd4f2af552add042d716f1d168,uniswap,0x84bd4e2d8be11aeb0afc1195b38f587b61e90068548f1063fdbe448fb8cad0b6,https://dexscreener.com/robinhood/0x84bd4e2d8be11aeb0afc1195b38f587b61e90068548f1063fdbe448fb8cad0b6,USDG,Global Dollar,0x5fc5360d0400a0fd4f2af552add042d716f1d168,WETH,WETH,0x0bd7d308f8e1639fab988df18a8011f41eacad73,533502.79,6213092.01,8293,10549,1
2026-09-06T09:56:44.431941+00:00,USDG,0x5fc5360d0400a0fd4f2af552add042d716f1d168,uniswap,0x85aa9a7c2ef9deec7bcbc5e78c6b26d2598c2aaf3f810b267fa4f8f9b0854142,https://dexscreener.com/robinhood/0x85aa9a7c2ef9deec7bcbc5e78c6b26d2598c2aaf3f810b267fa4f8f9b0854142,USDG,Global Dollar,0x5fc5360d0400a0fd4f2af552add042d716f1d168,ETH,Ether,0x0000000000000000000000000000000000000000,255187.88,2473876.66,9002,10407,1
2026-09-06T09:56:44.836859+00:00,WETH,0x0bd7d308f8e1639fab988df18a8011f41eacad73,robinswap,0x86d3e4447cbcdf6b12600d17f117d39bbcfa10a5,https://dexscreener.com/robinhood/0x86d3e4447cbcdf6b12600d17f117d39bbcfa10a5,WETH,WETH,0x0bd7d308f8e1639fab988df18a8011f41eacad73,USDG,Global Dollar,0x5fc5360d0400a0fd4f2af552add042d716f1d168,6856.08,11876.32,608,681,1
2026-09-06T09:56:44.836859+00:00,WETH,0x0bd7d308f8e1639fab988df18a8011f41eacad73,uniswap,0x8803c117ccae7b5146297876c2a25df135141c4d,https://dexscreener.com/robinhood/0x8803c117ccae7b5146297876c2a25df135141c4d,WETH,WETH,0x0bd7d308f8e1639fab988df18a8011f41eacad73,USDG,Global Dollar,0x5fc5360d0400a0fd4f2af552add042d716f1d168,952924.87,148511.07,553,327,1
2026-09-06T09:56:45.284704+00:00,ネイティブETH,0x0000000000000000000000000000000000000000,uniswap,0x8ac36987d40850e6767bd4de37b376224a779f4caa0a86051c05eb3b9b0451c8,https://dexscreener.com/robinhood/0x8ac36987d40850e6767bd4de37b376224a779f4caa0a86051c05eb3b9b0451c8,SIZE,size it,0x0f421d05e67b9e25d754e8e685af91b37bff6cef,ETH,Ether,0x0000000000000000000000000000000000000000,52319.93,1302789.06,2615,1993,1
2026-09-06T09:56:45.284704+00:00,ネイティブETH,0x0000000000000000000000000000000000000000,uniswap,0x8af2af98d13aeb778f5d0ffea7aea93be568d04201262b803c305f9b4f256eba,https://dexscreener.com/robinhood/0x8af2af98d13aeb778f5d0ffea7aea93be568d04201262b803c305f9b4f256eba,STOCKKIT,STOCK KIT,0x7161fc17d1c6d7aa78daff9b53cc7d303194a56c,ETH,Ether,0x0000000000000000000000000000000000000000,36169.89,4769230.62,14319,13255,1
2026-09-06T09:56:45.284704+00:00,ネイティブETH,0x0000000000000000000000000000000000000000,uniswap,0x8d91101e4a6dd93d45ca842ee8191749be424073316bfb50103a18d76c30477a,https://dexscreener.com/robinhood/0x8d91101e4a6dd93d45ca842ee8191749be424073316bfb50103a18d76c30477a,ASTRA,GPT‑6 Astra$,0x17472b240aa48f6e0d25b5a590c2dae2668d1823,ETH,Ether,0x0000000000000000000000000000000000000000,57422.38,87490.57,893,350,1
2026-09-06T09:56:45.284704+00:00,ネイティブETH,0x0000000000000000000000000000000000000000,uniswap,0x917d90894a647c3cb4f7bad482a1b3276f643f69a36278371acbf4afaa16b128,https://dexscreener.com/robinhood/0x917d90894a647c3cb4f7bad482a1b3276f643f69a36278371acbf4afaa16b128,MUPPETS,Muppets,0x5e7516be1be5d4396b060908cd44c9db093c4189,ETH,Ether,0x0000000000000000000000000000000000000000,53640.3,2834750.89,7075,6900,1
2026-09-06T09:56:45.284704+00:00,ネイティブETH,0x0000000000000000000000000000000000000000,uniswap,0x935c1401e40a4eeec0e722f1841cc4be9d7a523cf90cdc52900f9e343304f0fe,https://dexscreener.com/robinhood/0x935c1401e40a4eeec0e722f1841cc4be9d7a523cf90cdc52900f9e343304f0fe,RSTR,Robinhood Hat Strategy,0x78b96280c3347e0f58a7147b73eb0ec5ffff025d,ETH,Ether,0x0000000000000000000000000000000000000000,33522.03,3412796.67,12528,10425,1
2026-09-06T09:56:44.431941+00:00,USDG,0x5fc5360d0400a0fd4f2af552add042d716f1d168,uniswap,0x96327dbc057b35b02f8b2cb06f1062145f2bd32ca5f8ea2b13482416b5ddb860,https://dexscreener.com/robinhood/0x96327dbc057b35b02f8b2cb06f1062145f2bd32ca5f8ea2b13482416b5ddb860,USDG,Global Dollar,0x5fc5360d0400a0fd4f2af552add042d716f1d168,WETH,WETH,0x0bd7d308f8e1639fab988df18a8011f41eacad73,165216.13,9431.59,0,3,1
2026-09-06T09:56:44.836859+00:00,WETH,0x0bd7d308f8e1639fab988df18a8011f41eacad73,aeon-protocol,0x96b5de75c08971f41de6bde917fb0a8d0eb450f3,https://dexscreener.com/robinhood/0x96b5de75c08971f41de6bde917fb0a8d0eb450f3,WETH,WETH,0x0bd7d308f8e1639fab988df18a8011f41eacad73,USDG,Global Dollar,0x5fc5360d0400a0fd4f2af552add042d716f1d168,2.83,0.0,2,0,1
2026-09-06T09:56:45.284704+00:00,ネイティブETH,0x0000000000000000000000000000000000000000,uniswap,0x973b099dcb25fb82115f89418fb0aa44df4c070e717a29751a5adc7942f2d6c0,https://dexscreener.com/robinhood/0x973b099dcb25fb82115f89418fb0aa44df4c070e717a29751a5adc7942f2d6c0,HD,Hood Domains,0x17c35105dab9936f113af60f3bf74783caf08301,ETH,Ether,0x0000000000000000000000000000000000000000,56474.35,816547.37,2941,2098,1
2026-09-06T09:56:45.284704+00:00,ネイティブETH,0x0000000000000000000000000000000000000000,uniswap,0x98bf0831d402b2547b67ded1ecae8783103f1415c2ead093b6e7e9e2b4ef80f2,https://dexscreener.com/robinhood/0x98bf0831d402b2547b67ded1ecae8783103f1415c2ead093b6e7e9e2b4ef80f2,BELL,Openbell,0x218d0dc56476b05f131bd6cc82b80c7b052fa9b1,ETH,Ether,0x0000000000000000000000000000000000000000,155461.11,5482157.2,9943,7368,1
2026-09-06T09:56:44.836859+00:00,WETH,0x0bd7d308f8e1639fab988df18a8011f41eacad73,sushiswap,0x9b050cb1f265094b0977160a2bd7da8c9e529c3c,https://dexscreener.com/robinhood/0x9b050cb1f265094b0977160a2bd7da8c9e529c3c,WETH,WETH,0x0bd7d308f8e1639fab988df18a8011f41eacad73,USDG,Global Dollar,0x5fc5360d0400a0fd4f2af552add042d716f1d168,1288856.98,893660.69,3560,3555,1
2026-09-06T09:56:44.431941+00:00,USDG,0x5fc5360d0400a0fd4f2af552add042d716f1d168,uniswap,0x9b4315132bcad49a706f7e388438f3917bde7c2227957b9501daadef1fda2c1a,https://dexscreener.com/robinhood/0x9b4315132bcad49a706f7e388438f3917bde7c2227957b9501daadef1fda2c1a,USDG,Global Dollar,0x5fc5360d0400a0fd4f2af552add042d716f1d168,WETH,WETH,0x0bd7d308f8e1639fab988df18a8011f41eacad73,185059.99,26696.2,8,4,1
2026-09-06T09:56:45.284704+00:00,ネイティブETH,0x0000000000000000000000000000000000000000,uniswap,0x9cad6fa9a5b83dc7bacb4bb74cfc6ae3ee916813969af4e281e5e39aa09d7138,https://dexscreener.com/robinhood/0x9cad6fa9a5b83dc7bacb4bb74cfc6ae3ee916813969af4e281e5e39aa09d7138,BODKIN,BODKIN,0xb06b1e58f5ba2a3df1ab74c01cb2a44c5395b3be,ETH,Ether,0x0000000000000000000000000000000000000000,49373.58,5303503.39,14638,13841,1
2026-09-06T09:56:44.431941+00:00,USDG,0x5fc5360d0400a0fd4f2af552add042d716f1d168,uniswap,0x9d58e01587ffa377ef3b11e33c0ba105995d1a6996ef008fae83cb456237b0dd,https://dexscreener.com/robinhood/0x9d58e01587ffa377ef3b11e33c0ba105995d1a6996ef008fae83cb456237b0dd,USDG,Global Dollar,0x5fc5360d0400a0fd4f2af552add042d716f1d168,WETH,WETH,0x0bd7d308f8e1639fab988df18a8011f41eacad73,185015.85,118011.88,31,45,1
2026-09-06T09:56:45.284704+00:00,ネイティブETH,0x0000000000000000000000000000000000000000,uniswap,0xa06116d5b8288f43f21364df1fa58377ed95e491eb48e4cfaea99ab0a0e3d460,https://dexscreener.com/robinhood/0xa06116d5b8288f43f21364df1fa58377ed95e491eb48e4cfaea99ab0a0e3d460,PEZ,PEZ,0xa3602804e096cb73bd8344afc1ff3f3390b899c5,ETH,Ether,0x0000000000000000000000000000000000000000,213282.95,24491434.51,27355,26827,1
2026-09-06T09:56:45.284704+00:00,ネイティブETH,0x0000000000000000000000000000000000000000,uniswap,0xa6df276fad7c8532d44701a4bd80678770cbe5bd91eb5e02c39fc2e9cb9d0895,https://dexscreener.com/robinhood/0xa6df276fad7c8532d44701a4bd80678770cbe5bd91eb5e02c39fc2e9cb9d0895,PONINU,PONS INU,0x5ec9cd905ff6695fc8b5943a5e1e83a23b610156,ETH,Ether,0x0000000000000000000000000000000000000000,81458.75,1864659.49,7721,10023,1
2026-09-06T09:56:44.836859+00:00,WETH,0x0bd7d308f8e1639fab988df18a8011f41eacad73,uniswap,0xa9188730fe85be88ad499d7d52b099e800fb0334,https://dexscreener.com/robinhood/0xa9188730fe85be88ad499d7d52b099e800fb0334,WETH,WETH,0x0bd7d308f8e1639fab988df18a8011f41eacad73,USDG,Global Dollar,0x5fc5360d0400a0fd4f2af552add042d716f1d168,1871727.33,199766.52,497,236,1
2026-09-06T09:56:44.431941+00:00,USDG,0x5fc5360d0400a0fd4f2af552add042d716f1d168,uniswap,0xb0fe34ed84b74595e63db504f84084f0d21ec8c942c2db1eb11b85711072c5e2,https://dexscreener.com/robinhood/0xb0fe34ed84b74595e63db504f84084f0d21ec8c942c2db1eb11b85711072c5e2,USDG,Global Dollar,0x5fc5360d0400a0fd4f2af552add042d716f1d168,WETH,WETH,0x0bd7d308f8e1639fab988df18a8011f41eacad73,184470.23,20003.37,5,1,1
2026-09-06T09:56:44.431941+00:00,USDG,0x5fc5360d0400a0fd4f2af552add042d716f1d168,giga,0xb2a6ad51b3ea3cdc8d3508cca147a43471382e53,https://dexscreener.com/robinhood/0xb2a6ad51b3ea3cdc8d3508cca147a43471382e53,USDG,Global Dollar,0x5fc5360d0400a0fd4f2af552add042d716f1d168,WETH,WETH,0x0bd7d308f8e1639fab988df18a8011f41eacad73,597901.17,18055283.95,29303,37086,1
2026-09-06T09:56:44.836859+00:00,WETH,0x0bd7d308f8e1639fab988df18a8011f41eacad73,pancakeswap,0xb535c95b61440eeb62a8a83a333a983fa712bc86,https://dexscreener.com/robinhood/0xb535c95b61440eeb62a8a83a333a983fa712bc86,WETH,WETH,0x0bd7d308f8e1639fab988df18a8011f41eacad73,USDG,Global Dollar,0x5fc5360d0400a0fd4f2af552add042d716f1d168,190.64,78.92,32,32,1
2026-09-06T09:56:45.284704+00:00,ネイティブETH,0x0000000000000000000000000000000000000000,uniswap,0xb5f6b86f2de5f25882f38e31da4ff46ad283363c556e95f070d32ab61fd4925b,https://dexscreener.com/robinhood/0xb5f6b86f2de5f25882f38e31da4ff46ad283363c556e95f070d32ab61fd4925b,BASIS,basis,0x254ccfd4241f46d91b6b0715d1fb3bfb8386d833,ETH,Ether,0x0000000000000000000000000000000000000000,18296.84,3418261.04,9229,8068,1
2026-09-06T09:56:44.836859+00:00,WETH,0x0bd7d308f8e1639fab988df18a8011f41eacad73,uniswap,0xb7f10f74b39291b9290b779978e19a7637c742d6,https://dexscreener.com/robinhood/0xb7f10f74b39291b9290b779978e19a7637c742d6,PIPEDOG,pipedog,0x5cb6f181081301b44905f3ae15419112ecabd8a6,WETH,WETH,0x0bd7d308f8e1639fab988df18a8011f41eacad73,10488775.7,3508714.95,831,739,1
2026-09-06T09:56:44.431941+00:00,USDG,0x5fc5360d0400a0fd4f2af552add042d716f1d168,uniswap,0xbac3aa3b91584a53a579b3c999a56756e954e59247e497bad1d25a4334bde551,https://dexscreener.com/robinhood/0xbac3aa3b91584a53a579b3c999a56756e954e59247e497bad1d25a4334bde551,USDG,Global Dollar,0x5fc5360d0400a0fd4f2af552add042d716f1d168,ETH,Ether,0x0000000000000000000000000000000000000000,8898497.09,25403097.23,6432,7772,1
2026-09-06T09:56:44.431941+00:00,USDG,0x5fc5360d0400a0fd4f2af552add042d716f1d168,uniswap,0xc193527820165aa1bbacbe8ea3cf754933e70ebf1b9c2dd62024a4375536e84f,https://dexscreener.com/robinhood/0xc193527820165aa1bbacbe8ea3cf754933e70ebf1b9c2dd62024a4375536e84f,USDG,Global Dollar,0x5fc5360d0400a0fd4f2af552add042d716f1d168,ETH,Ether,0x0000000000000000000000000000000000000000,130103.79,10331.62,8,8,1
2026-09-06T09:56:44.431941+00:00,USDG,0x5fc5360d0400a0fd4f2af552add042d716f1d168,uniswap,0xc1bce95d5a5f62a8004b05d0eb636708887bb56de0f8a56e300254498c44a67c,https://dexscreener.com/robinhood/0xc1bce95d5a5f62a8004b05d0eb636708887bb56de0f8a56e300254498c44a67c,USDG,Global Dollar,0x5fc5360d0400a0fd4f2af552add042d716f1d168,ETH,Ether,0x0000000000000000000000000000000000000000,156386.19,45963.96,10,14,1
2026-09-06T09:56:44.431941+00:00,USDG,0x5fc5360d0400a0fd4f2af552add042d716f1d168,uniswap,0xc51766616b535b928aa4a40e067a1c4d1535f1cff30e4bd79413fb7cc493d14f,https://dexscreener.com/robinhood/0xc51766616b535b928aa4a40e067a1c4d1535f1cff30e4bd79413fb7cc493d14f,USDG,Global Dollar,0x5fc5360d0400a0fd4f2af552add042d716f1d168,WETH,WETH,0x0bd7d308f8e1639fab988df18a8011f41eacad73,184405.33,26087.47,10,7,1
2026-09-06T09:56:44.836859+00:00,WETH,0x0bd7d308f8e1639fab988df18a8011f41eacad73,sushiswap,0xc5a01c57b2851202dcf8507a0f2bd08a8025e2c8,https://dexscreener.com/robinhood/0xc5a01c57b2851202dcf8507a0f2bd08a8025e2c8,WETH,WETH,0x0bd7d308f8e1639fab988df18a8011f41eacad73,USDG,Global Dollar,0x5fc5360d0400a0fd4f2af552add042d716f1d168,11874.39,280.72,46,36,1
2026-09-06T09:56:44.836859+00:00,WETH,0x0bd7d308f8e1639fab988df18a8011f41eacad73,0xaA5f8c18EF9be81ffED30c223F9CD0D012a2AdB9,0xc5c960aaaf36119c9de74e693fcc500c88b491ad,https://dexscreener.com/robinhood/0xc5c960aaaf36119c9de74e693fcc500c88b491ad,WETH,WETH,0x0bd7d308f8e1639fab988df18a8011f41eacad73,USDG,Global Dollar,0x5fc5360d0400a0fd4f2af552add042d716f1d168,519.01,4.45,13,4,1
2026-09-06T09:56:44.836859+00:00,WETH,0x0bd7d308f8e1639fab988df18a8011f41eacad73,0swap,0xc619dec28a6c68dd2be8aeb62499059d1a138f09,https://dexscreener.com/robinhood/0xc619dec28a6c68dd2be8aeb62499059d1a138f09,WETH,WETH,0x0bd7d308f8e1639fab988df18a8011f41eacad73,USDG,Global Dollar,0x5fc5360d0400a0fd4f2af552add042d716f1d168,10252.04,124.43,18,14,1
2026-09-06T09:56:44.431941+00:00,USDG,0x5fc5360d0400a0fd4f2af552add042d716f1d168,uniswap,0xc6d3330c0de9f2b478d66bf61ff83c9feb1fae359af2c3cbcfb1f3e6d042f32a,https://dexscreener.com/robinhood/0xc6d3330c0de9f2b478d66bf61ff83c9feb1fae359af2c3cbcfb1f3e6d042f32a,USDG,Global Dollar,0x5fc5360d0400a0fd4f2af552add042d716f1d168,WETH,WETH,0x0bd7d308f8e1639fab988df18a8011f41eacad73,184822.46,20427.01,3,9,1
2026-09-06T09:56:45.284704+00:00,ネイティブETH,0x0000000000000000000000000000000000000000,uniswap,0xd6da5da6146ac3ff249888227fbc857a8055cd3b979a722b10895fbdb7aa4a9d,https://dexscreener.com/robinhood/0xd6da5da6146ac3ff249888227fbc857a8055cd3b979a722b10895fbdb7aa4a9d,SPORES,SPORES,0xe6c6a33935919dc46278121c0596e828691f8d6c,ETH,Ether,0x0000000000000000000000000000000000000000,28554.0,2774997.19,12620,11270,1
2026-09-06T09:56:44.431941+00:00,USDG,0x5fc5360d0400a0fd4f2af552add042d716f1d168,uniswap,0xdcb41cd66f34afa8d466854a5c64348a3014c2f61599250245dcde67f36d9272,https://dexscreener.com/robinhood/0xdcb41cd66f34afa8d466854a5c64348a3014c2f61599250245dcde67f36d9272,USDG,Global Dollar,0x5fc5360d0400a0fd4f2af552add042d716f1d168,WETH,WETH,0x0bd7d308f8e1639fab988df18a8011f41eacad73,184440.12,21179.14,8,4,1
2026-09-06T09:56:44.836859+00:00,WETH,0x0bd7d308f8e1639fab988df18a8011f41eacad73,0x6DA554cDa3Cd05e7635704591baA472EAD9bA6B2,0xdfb8dac49db7dd017d6194c47fee052f5d13fae7,https://dexscreener.com/robinhood/0xdfb8dac49db7dd017d6194c47fee052f5d13fae7,WETH,WETH,0x0bd7d308f8e1639fab988df18a8011f41eacad73,USDG,Global Dollar,0x5fc5360d0400a0fd4f2af552add042d716f1d168,43.64,0.19,1,0,1
2026-09-06T09:56:44.431941+00:00,USDG,0x5fc5360d0400a0fd4f2af552add042d716f1d168,uniswap,0xec5a642cb17dd215bf2bea2e711f96c16697497bdc80136dc609509ecc9107aa,https://dexscreener.com/robinhood/0xec5a642cb17dd215bf2bea2e711f96c16697497bdc80136dc609509ecc9107aa,USDG,Global Dollar,0x5fc5360d0400a0fd4f2af552add042d716f1d168,WETH,WETH,0x0bd7d308f8e1639fab988df18a8011f41eacad73,185127.7,24947.52,13,4,1
2026-09-06T09:56:44.431941+00:00,USDG,0x5fc5360d0400a0fd4f2af552add042d716f1d168,uniswap,0xefcec38281d4cccaf9c9d7da02aff071d3b94d54fa50bb14b8e6b8e74529a16b,https://dexscreener.com/robinhood/0xefcec38281d4cccaf9c9d7da02aff071d3b94d54fa50bb14b8e6b8e74529a16b,USDG,Global Dollar,0x5fc5360d0400a0fd4f2af552add042d716f1d168,ETH,Ether,0x0000000000000000000000000000000000000000,21634.6,1254470.94,11632,13327,1
2026-09-06T09:56:45.284704+00:00,ネイティブETH,0x0000000000000000000000000000000000000000,uniswap,0xf0105531613f700525888d42d37621b687d2d565b171ba468999513caa7525a8,https://dexscreener.com/robinhood/0xf0105531613f700525888d42d37621b687d2d565b171ba468999513caa7525a8,CHUMP,Chump Coin,0x0e0d2c89a5a019fe1cf762e5e33187631dacc21b,ETH,Ether,0x0000000000000000000000000000000000000000,47491.67,60804.93,163,182,1
2026-09-06T09:56:44.431941+00:00,USDG,0x5fc5360d0400a0fd4f2af552add042d716f1d168,uniswap,0xf4c6abf880088ad47d750f68cea6d30a627d6ac5161bae6120668f9f60da3b6f,https://dexscreener.com/robinhood/0xf4c6abf880088ad47d750f68cea6d30a627d6ac5161bae6120668f9f60da3b6f,USDG,Global Dollar,0x5fc5360d0400a0fd4f2af552add042d716f1d168,WETH,WETH,0x0bd7d308f8e1639fab988df18a8011f41eacad73,185189.17,113854.7,20,24,1
2026-09-06T09:56:44.431941+00:00,USDG,0x5fc5360d0400a0fd4f2af552add042d716f1d168,uniswap,0xf9bf5011c89d04637c0d747a1f99f3940d1f001c4e30eacd33dd03a49f5fb0f9,https://dexscreener.com/robinhood/0xf9bf5011c89d04637c0d747a1f99f3940d1f001c4e30eacd33dd03a49f5fb0f9,USDG,Global Dollar,0x5fc5360d0400a0fd4f2af552add042d716f1d168,ETH,Ether,0x0000000000000000000000000000000000000000,750794.6,1456692.94,128,127,1
2026-09-06T09:56:44.836859+00:00,WETH,0x0bd7d308f8e1639fab988df18a8011f41eacad73,sheriff,0xfa0a35415ed6f038c3830f48073ac7f77f2daa01,https://dexscreener.com/robinhood/0xfa0a35415ed6f038c3830f48073ac7f77f2daa01,WETH,WETH,0x0bd7d308f8e1639fab988df18a8011f41eacad73,USDG,Global Dollar,0x5fc5360d0400a0fd4f2af552add042d716f1d168,2717.72,18.64,8,1,1
2026-09-06T09:56:44.836859+00:00,WETH,0x0bd7d308f8e1639fab988df18a8011f41eacad73,ramses,0xfae65eaa11943f45e83d5b45dc7a7c801c51bfb0,https://dexscreener.com/robinhood/0xfae65eaa11943f45e83d5b45dc7a7c801c51bfb0,WETH,WETH,0x0bd7d308f8e1639fab988df18a8011f41eacad73,USDG,Global Dollar,0x5fc5360d0400a0fd4f2af552add042d716f1d168,915419.04,26113650.47,18047,16358,1
2026-09-06T09:56:44.836859+00:00,WETH,0x0bd7d308f8e1639fab988df18a8011f41eacad73,up,0xfb5637e6163279cb22fdf15b0fe5239b79e7e025,https://dexscreener.com/robinhood/0xfb5637e6163279cb22fdf15b0fe5239b79e7e025,WETH,WETH,0x0bd7d308f8e1639fab988df18a8011f41eacad73,USDG,Global Dollar,0x5fc5360d0400a0fd4f2af552add042d716f1d168,14.46,0.14,11,4,1
2026-09-06T09:56:44.836859+00:00,WETH,0x0bd7d308f8e1639fab988df18a8011f41eacad73,abyss,0xfeea771d84df21c44223227fc7f86d18aeb4c9ee,https://dexscreener.com/robinhood/0xfeea771d84df21c44223227fc7f86d18aeb4c9ee,WETH,WETH,0x0bd7d308f8e1639fab988df18a8011f41eacad73,USDG,Global Dollar,0x5fc5360d0400a0fd4f2af552add042d716f1d168,49.64,75.65,3,4,1
