rank_by_swap_count,selected_for_next_scatterplot,pool_id,swap_events_150_minutes,swap_share_of_all_40_usdg_pools,initialize_block,initialize_transaction_hash,initialize_transaction_url,currency0,currency1,fami_currency_position,counterpart_symbol,ranking_definition
1,yes,0x4b5c32e853e378166a1d73f04aafacdc376b437b6c6316376a8b2732258c3c2b,116147,0.987459828943565,52055533,baea76bebcd7e5b4b422f61b216239ada825078af298f1ad4dfa4ad52fc2aa85,https://robinhoodchain.blockscout.com/tx/0xbaea76bebcd7e5b4b422f61b216239ada825078af298f1ad4dfa4ad52fc2aa85,0x5D2e81cB3A6FECe856B824Dfd7e1d6D3dbaD8cd9,0x5fc5360D0400a0Fd4f2af552ADD042D716F1d168,currency0,USDG,指定150分にPoolManagerが発したSwapイベントの件数。出来高・TVL・価格品質ではない。
2,yes,0xdb61183b9a0ef0ead330e217894da2a091ef669c5e5819e15ea9caf58ee50aad,504,0.004284912686402203,52658960,f5ad6604494615779fd52ca3c73873d06938212255cf53fc809ddcac741b13cc,https://robinhoodchain.blockscout.com/tx/0xf5ad6604494615779fd52ca3c73873d06938212255cf53fc809ddcac741b13cc,0x5D2e81cB3A6FECe856B824Dfd7e1d6D3dbaD8cd9,0x5fc5360D0400a0Fd4f2af552ADD042D716F1d168,currency0,USDG,指定150分にPoolManagerが発したSwapイベントの件数。出来高・TVL・価格品質ではない。
3,yes,0xf0efab34c8a3ae2981b1b2d5b435006db3e7b061e31439f3121c911300dfc519,217,0.0018448929622009488,52628226,48bf3642c2e86bbcd227f02c4ce280bfd02e47d6b03fe883160c4a0ec95fbd84,https://robinhoodchain.blockscout.com/tx/0x48bf3642c2e86bbcd227f02c4ce280bfd02e47d6b03fe883160c4a0ec95fbd84,0x5D2e81cB3A6FECe856B824Dfd7e1d6D3dbaD8cd9,0x5fc5360D0400a0Fd4f2af552ADD042D716F1d168,currency0,USDG,指定150分にPoolManagerが発したSwapイベントの件数。出来高・TVL・価格品質ではない。
4,no,0xd4ea8ce230699c11fbb4286c54368631e8e9cde2e984042632eb9350e8bec479,199,0.001691860366258013,52651794,e49d44eed5ea4bee993c6325fc795d9c315a57cda80b734c063d8ac252bbead0,https://robinhoodchain.blockscout.com/tx/0xe49d44eed5ea4bee993c6325fc795d9c315a57cda80b734c063d8ac252bbead0,0x5D2e81cB3A6FECe856B824Dfd7e1d6D3dbaD8cd9,0x5fc5360D0400a0Fd4f2af552ADD042D716F1d168,currency0,USDG,指定150分にPoolManagerが発したSwapイベントの件数。出来高・TVL・価格品質ではない。
5,no,0xba88362a98136ff03eaf1ef1d2d4634fd99eb79f5ae33796d4b592ebdf55f46e,184,0.001564333202972233,52673239,49b1f6ea08896e2ffa6c41d7eaa803432a5061874f8ef5d3bd1eead13e6897ca,https://robinhoodchain.blockscout.com/tx/0x49b1f6ea08896e2ffa6c41d7eaa803432a5061874f8ef5d3bd1eead13e6897ca,0x5D2e81cB3A6FECe856B824Dfd7e1d6D3dbaD8cd9,0x5fc5360D0400a0Fd4f2af552ADD042D716F1d168,currency0,USDG,指定150分にPoolManagerが発したSwapイベントの件数。出来高・TVL・価格品質ではない。
6,no,0x34ff73d0da8c78777f9940ffa52d30139c746c128506864c10b8c5c23aa5ad00,129,0.001096733604257707,52661772,0ad1ad62e1ebea580f4e63dbce5dee060e5e9d301d02ae93988ebbd49d1c9b7a,https://robinhoodchain.blockscout.com/tx/0x0ad1ad62e1ebea580f4e63dbce5dee060e5e9d301d02ae93988ebbd49d1c9b7a,0x5D2e81cB3A6FECe856B824Dfd7e1d6D3dbaD8cd9,0x5fc5360D0400a0Fd4f2af552ADD042D716F1d168,currency0,USDG,指定150分にPoolManagerが発したSwapイベントの件数。出来高・TVL・価格品質ではない。
7,no,0xd229b26f5eeb339142e617aff05abbc982cae1a6fb6576a330d56d687dafa700,70,0.000595126762000306,52667406,7aa850de80fd3a3701915b3dc4bbdbf712148332d3c12146f08c84198bd627ec,https://robinhoodchain.blockscout.com/tx/0x7aa850de80fd3a3701915b3dc4bbdbf712148332d3c12146f08c84198bd627ec,0x5D2e81cB3A6FECe856B824Dfd7e1d6D3dbaD8cd9,0x5fc5360D0400a0Fd4f2af552ADD042D716F1d168,currency0,USDG,指定150分にPoolManagerが発したSwapイベントの件数。出来高・TVL・価格品質ではない。
8,no,0xbf9ba6ee845f782c2795df71ca98d62bdeff45fe3133bcaedf0ca98d181d1e68,40,0.0003400724354287463,52661079,c74eec1c5139e34957784758e44b669b39194704ca789c404e27c10a9718b626,https://robinhoodchain.blockscout.com/tx/0xc74eec1c5139e34957784758e44b669b39194704ca789c404e27c10a9718b626,0x5D2e81cB3A6FECe856B824Dfd7e1d6D3dbaD8cd9,0x5fc5360D0400a0Fd4f2af552ADD042D716F1d168,currency0,USDG,指定150分にPoolManagerが発したSwapイベントの件数。出来高・TVL・価格品質ではない。
9,no,0x7a355d71bebaa851a36e9a9f08ede926b2918d3fd330b787d22238ae75bc8196,33,0.0002805597592287157,52661657,8e0ee9b8996b82b44dee4b8de14b9edaad9ab9b670e85679db64aee3f7dface9,https://robinhoodchain.blockscout.com/tx/0x8e0ee9b8996b82b44dee4b8de14b9edaad9ab9b670e85679db64aee3f7dface9,0x5D2e81cB3A6FECe856B824Dfd7e1d6D3dbaD8cd9,0x5fc5360D0400a0Fd4f2af552ADD042D716F1d168,currency0,USDG,指定150分にPoolManagerが発したSwapイベントの件数。出来高・TVL・価格品質ではない。
10,no,0x94a52b1c8c4d3e05b9e4f8b5e540ad5f6028ab035bb8ffa4bffea36160ffe902,29,0.00024655251568584107,52660638,6f321b73f51583b72f040139f4b3c42c7d3f535c44fe30c0e103431fb7cd2152,https://robinhoodchain.blockscout.com/tx/0x6f321b73f51583b72f040139f4b3c42c7d3f535c44fe30c0e103431fb7cd2152,0x5D2e81cB3A6FECe856B824Dfd7e1d6D3dbaD8cd9,0x5fc5360D0400a0Fd4f2af552ADD042D716F1d168,currency0,USDG,指定150分にPoolManagerが発したSwapイベントの件数。出来高・TVL・価格品質ではない。
11,no,0x70d112dd3c0a8620cd26aa851b8ee88caa608bee20258566ed5780953418f047,22,0.00018703983948581047,52629790,e0a37e1b08d2ef67d37f5a9e7b977ab4d10a6e2aa4085bbcd7f0a5e4c46d7bfd,https://robinhoodchain.blockscout.com/tx/0xe0a37e1b08d2ef67d37f5a9e7b977ab4d10a6e2aa4085bbcd7f0a5e4c46d7bfd,0x5D2e81cB3A6FECe856B824Dfd7e1d6D3dbaD8cd9,0x5fc5360D0400a0Fd4f2af552ADD042D716F1d168,currency0,USDG,指定150分にPoolManagerが発したSwapイベントの件数。出来高・TVL・価格品質ではない。
12,no,0x35d97d4eb75e77d58fe667cb800f22aafa41f9e149abf009f857e3660740e687,15,0.00012752716328577986,52677670,82a73bd7c1f4752d7097ffb595e9bc6c00ce5edf44d2a6ca17cb5f589be054c7,https://robinhoodchain.blockscout.com/tx/0x82a73bd7c1f4752d7097ffb595e9bc6c00ce5edf44d2a6ca17cb5f589be054c7,0x5D2e81cB3A6FECe856B824Dfd7e1d6D3dbaD8cd9,0x5fc5360D0400a0Fd4f2af552ADD042D716F1d168,currency0,USDG,指定150分にPoolManagerが発したSwapイベントの件数。出来高・TVL・価格品質ではない。
13,no,0xf79e84acc038c4338859e3e0e9aa3cb445c279d35f0b9ddce481d19680b6f411,15,0.00012752716328577986,52660897,f8595bc8098b7c7e8132fb2096b7172ea973736f71ca0c29421d22c4080e1b75,https://robinhoodchain.blockscout.com/tx/0xf8595bc8098b7c7e8132fb2096b7172ea973736f71ca0c29421d22c4080e1b75,0x5D2e81cB3A6FECe856B824Dfd7e1d6D3dbaD8cd9,0x5fc5360D0400a0Fd4f2af552ADD042D716F1d168,currency0,USDG,指定150分にPoolManagerが発したSwapイベントの件数。出来高・TVL・価格品質ではない。
14,no,0xcce42d86988b2cb67632e883b20f2b611af25ce7b388bdc8b2607d25bfdf491b,10,8.501810885718658e-05,52672484,028aecce7156a0cad1ae821e61a7ff52ec22f8df07c830b94771c789ead8687d,https://robinhoodchain.blockscout.com/tx/0x028aecce7156a0cad1ae821e61a7ff52ec22f8df07c830b94771c789ead8687d,0x5D2e81cB3A6FECe856B824Dfd7e1d6D3dbaD8cd9,0x5fc5360D0400a0Fd4f2af552ADD042D716F1d168,currency0,USDG,指定150分にPoolManagerが発したSwapイベントの件数。出来高・TVL・価格品質ではない。
15,no,0xf9cf536e1216204ef2782cd1b2906c835f9e1a9de9e4c8dfff5735eefda5148c,8,6.801448708574926e-05,52672361,a6e424db50f5dbb4489e35c50ab0636b3e02fc3f18ad15e342f09793a8ac82be,https://robinhoodchain.blockscout.com/tx/0xa6e424db50f5dbb4489e35c50ab0636b3e02fc3f18ad15e342f09793a8ac82be,0x5D2e81cB3A6FECe856B824Dfd7e1d6D3dbaD8cd9,0x5fc5360D0400a0Fd4f2af552ADD042D716F1d168,currency0,USDG,指定150分にPoolManagerが発したSwapイベントの件数。出来高・TVL・価格品質ではない。
16,no,0x0f163e1c8d90edcc733ac9312d46ef5f74e8582ab0cd9e92e770983fca7b469e,0,0.0,52702581,c91874c9b565314f099a7237a7aeeb5abc6fbe295ffe9005a4307a6e9d57aa52,https://robinhoodchain.blockscout.com/tx/0xc91874c9b565314f099a7237a7aeeb5abc6fbe295ffe9005a4307a6e9d57aa52,0x5D2e81cB3A6FECe856B824Dfd7e1d6D3dbaD8cd9,0x5fc5360D0400a0Fd4f2af552ADD042D716F1d168,currency0,USDG,指定150分にPoolManagerが発したSwapイベントの件数。出来高・TVL・価格品質ではない。
17,no,0x13c900f6d389fc46452de06a9a83929964c378cad0f6167d28ac1da512e7731e,0,0.0,52628010,a6e77b4c7c0b69d637c0fc901f92172954d3644db78eedaf2aba72bff8da3ed6,https://robinhoodchain.blockscout.com/tx/0xa6e77b4c7c0b69d637c0fc901f92172954d3644db78eedaf2aba72bff8da3ed6,0x5D2e81cB3A6FECe856B824Dfd7e1d6D3dbaD8cd9,0x5fc5360D0400a0Fd4f2af552ADD042D716F1d168,currency0,USDG,指定150分にPoolManagerが発したSwapイベントの件数。出来高・TVL・価格品質ではない。
18,no,0x14984263a9448af53b38e50381bdf50e8e3597dacf3ab949a1bbd74ce20202c2,0,0.0,52649542,ec3aa74f095beaa06cb9d74797b505791d5bf7d1d43b7b723736e3795fbefb72,https://robinhoodchain.blockscout.com/tx/0xec3aa74f095beaa06cb9d74797b505791d5bf7d1d43b7b723736e3795fbefb72,0x5D2e81cB3A6FECe856B824Dfd7e1d6D3dbaD8cd9,0x5fc5360D0400a0Fd4f2af552ADD042D716F1d168,currency0,USDG,指定150分にPoolManagerが発したSwapイベントの件数。出来高・TVL・価格品質ではない。
19,no,0x1a019bd5642e150e20c3c3aed4fa29c51f5b83829ad73cd2defef772c86fdf89,0,0.0,52623059,2c73e6d4d8f34cd20d75b8dd91de1fb1eaf312a3ebf8bec74fc2bbf80bd2bd97,https://robinhoodchain.blockscout.com/tx/0x2c73e6d4d8f34cd20d75b8dd91de1fb1eaf312a3ebf8bec74fc2bbf80bd2bd97,0x5D2e81cB3A6FECe856B824Dfd7e1d6D3dbaD8cd9,0x5fc5360D0400a0Fd4f2af552ADD042D716F1d168,currency0,USDG,指定150分にPoolManagerが発したSwapイベントの件数。出来高・TVL・価格品質ではない。
20,no,0x1f8a798b651a35c9b9696c3cff507968f849017c3f49508bde19c21ae37ab372,0,0.0,52776925,028d5c22ddf3f034c2a6be23c61feb0b0dc05028d9ae9ccf21bf83a191bf5d16,https://robinhoodchain.blockscout.com/tx/0x028d5c22ddf3f034c2a6be23c61feb0b0dc05028d9ae9ccf21bf83a191bf5d16,0x5D2e81cB3A6FECe856B824Dfd7e1d6D3dbaD8cd9,0x5fc5360D0400a0Fd4f2af552ADD042D716F1d168,currency0,USDG,指定150分にPoolManagerが発したSwapイベントの件数。出来高・TVL・価格品質ではない。
21,no,0x376eece40fb74ad5f2c6c4048edcec0b554c5aca7ea14304a091ca89890dbd65,0,0.0,52629235,cf34f069141dc425afe36b39bf459a7d44ad5435e6607046a34a00088520aab4,https://robinhoodchain.blockscout.com/tx/0xcf34f069141dc425afe36b39bf459a7d44ad5435e6607046a34a00088520aab4,0x5D2e81cB3A6FECe856B824Dfd7e1d6D3dbaD8cd9,0x5fc5360D0400a0Fd4f2af552ADD042D716F1d168,currency0,USDG,指定150分にPoolManagerが発したSwapイベントの件数。出来高・TVL・価格品質ではない。
22,no,0x38a1e291a84efaa738252defd4828a7ef948a50b9f626c800c060a0f2c6879a0,0,0.0,52626021,8b01da2ba58b4fd64bc73b1ad59d873398587e78110d8d0f23fd887898be5cc2,https://robinhoodchain.blockscout.com/tx/0x8b01da2ba58b4fd64bc73b1ad59d873398587e78110d8d0f23fd887898be5cc2,0x5D2e81cB3A6FECe856B824Dfd7e1d6D3dbaD8cd9,0x5fc5360D0400a0Fd4f2af552ADD042D716F1d168,currency0,USDG,指定150分にPoolManagerが発したSwapイベントの件数。出来高・TVL・価格品質ではない。
23,no,0x4dbaadfad5329f11aaa2bd4998b049f388efe96df1a369db789f03952f781ffe,0,0.0,52626144,4febb40f72cdffd2b4146a56f815bfe3b1a3139fa49a35fd20c824bd2a7acd1a,https://robinhoodchain.blockscout.com/tx/0x4febb40f72cdffd2b4146a56f815bfe3b1a3139fa49a35fd20c824bd2a7acd1a,0x5D2e81cB3A6FECe856B824Dfd7e1d6D3dbaD8cd9,0x5fc5360D0400a0Fd4f2af552ADD042D716F1d168,currency0,USDG,指定150分にPoolManagerが発したSwapイベントの件数。出来高・TVL・価格品質ではない。
24,no,0x518e0856e49e4e654a0d7a1490df1f0ca0a01bb94792dbea5001028f8604822a,0,0.0,52649684,5f71361de90256344254d79d1b173e824b42c3bffc2aefa87a4d8f31c1a5b2de,https://robinhoodchain.blockscout.com/tx/0x5f71361de90256344254d79d1b173e824b42c3bffc2aefa87a4d8f31c1a5b2de,0x5D2e81cB3A6FECe856B824Dfd7e1d6D3dbaD8cd9,0x5fc5360D0400a0Fd4f2af552ADD042D716F1d168,currency0,USDG,指定150分にPoolManagerが発したSwapイベントの件数。出来高・TVL・価格品質ではない。
25,no,0x532197b18abc0cf8ce99cef7830ed3c79772d1965e11ae949e70834baf990035,0,0.0,52628593,be3448d6a06d7c7d82b346571ed282a9a6f365b04ef7e117cf98204625028bdb,https://robinhoodchain.blockscout.com/tx/0xbe3448d6a06d7c7d82b346571ed282a9a6f365b04ef7e117cf98204625028bdb,0x5D2e81cB3A6FECe856B824Dfd7e1d6D3dbaD8cd9,0x5fc5360D0400a0Fd4f2af552ADD042D716F1d168,currency0,USDG,指定150分にPoolManagerが発したSwapイベントの件数。出来高・TVL・価格品質ではない。
26,no,0x585ba78e3bef436763e73173d4de8459b6ebfd72c289327c152278c65c35be01,0,0.0,52828208,8a5e6f055526410257a4269bf4e347ea240c6bd0d1940983546055014537f673,https://robinhoodchain.blockscout.com/tx/0x8a5e6f055526410257a4269bf4e347ea240c6bd0d1940983546055014537f673,0x5D2e81cB3A6FECe856B824Dfd7e1d6D3dbaD8cd9,0x5fc5360D0400a0Fd4f2af552ADD042D716F1d168,currency0,USDG,指定150分にPoolManagerが発したSwapイベントの件数。出来高・TVL・価格品質ではない。
27,no,0x5a6ef74d54e9c45a9524604a240c2fec90ab1238fbb6dc4bd7b3334918dad3b3,0,0.0,52630137,ed3f0ce3c5bb590f3a9f3025d2f05069997f564f9ae4890169c552592ff13ba6,https://robinhoodchain.blockscout.com/tx/0xed3f0ce3c5bb590f3a9f3025d2f05069997f564f9ae4890169c552592ff13ba6,0x5D2e81cB3A6FECe856B824Dfd7e1d6D3dbaD8cd9,0x5fc5360D0400a0Fd4f2af552ADD042D716F1d168,currency0,USDG,指定150分にPoolManagerが発したSwapイベントの件数。出来高・TVL・価格品質ではない。
28,no,0x5b54215a410fbd3c196674c8d4a034d4cefce1b7ab54955ba622e8f4b58692a0,0,0.0,52699552,9e11362c9e9d527d5bf2a0c837a00bb4f26cd3a869d4a302d3757c5956cc1309,https://robinhoodchain.blockscout.com/tx/0x9e11362c9e9d527d5bf2a0c837a00bb4f26cd3a869d4a302d3757c5956cc1309,0x5D2e81cB3A6FECe856B824Dfd7e1d6D3dbaD8cd9,0x5fc5360D0400a0Fd4f2af552ADD042D716F1d168,currency0,USDG,指定150分にPoolManagerが発したSwapイベントの件数。出来高・TVL・価格品質ではない。
29,no,0x8539d91f6d0876b6f8f3039e58eb8177a2aff7821bf3d8615a7cfec62fb66378,0,0.0,52652269,783d5cd64ad5e32be0b54d4391f1eb946e6e01e1e5b291b9cf6c6bbe9d1b4f90,https://robinhoodchain.blockscout.com/tx/0x783d5cd64ad5e32be0b54d4391f1eb946e6e01e1e5b291b9cf6c6bbe9d1b4f90,0x5D2e81cB3A6FECe856B824Dfd7e1d6D3dbaD8cd9,0x5fc5360D0400a0Fd4f2af552ADD042D716F1d168,currency0,USDG,指定150分にPoolManagerが発したSwapイベントの件数。出来高・TVL・価格品質ではない。
30,no,0x937d8b9498269e2f86fea88cf4639d82879f475fb2af7428025701e05761eac6,0,0.0,52671706,6840948cd2bf26a48da177a9af40dce7f02c5c8f901215fb93afbeb6e1dfd97d,https://robinhoodchain.blockscout.com/tx/0x6840948cd2bf26a48da177a9af40dce7f02c5c8f901215fb93afbeb6e1dfd97d,0x5D2e81cB3A6FECe856B824Dfd7e1d6D3dbaD8cd9,0x5fc5360D0400a0Fd4f2af552ADD042D716F1d168,currency0,USDG,指定150分にPoolManagerが発したSwapイベントの件数。出来高・TVL・価格品質ではない。
31,no,0xadb5600e88e5737de25755a17f373ed61ff3ba4df00d0fef7d6f43573a0b5677,0,0.0,52941812,0a80da70d8fd31ce8d85d8e4fa9c566751eddbd15d936a5747e5f89ef8633f84,https://robinhoodchain.blockscout.com/tx/0x0a80da70d8fd31ce8d85d8e4fa9c566751eddbd15d936a5747e5f89ef8633f84,0x5D2e81cB3A6FECe856B824Dfd7e1d6D3dbaD8cd9,0x5fc5360D0400a0Fd4f2af552ADD042D716F1d168,currency0,USDG,指定150分にPoolManagerが発したSwapイベントの件数。出来高・TVL・価格品質ではない。
32,no,0xb19e9341a1f61f679d2f016d326c267984f9d56995cfa2ad39bd963ee0a3d5b5,0,0.0,52660788,5209e84b4782892160e96ad2860ce0e85e2b5bab213749bd8574cbaba2980124,https://robinhoodchain.blockscout.com/tx/0x5209e84b4782892160e96ad2860ce0e85e2b5bab213749bd8574cbaba2980124,0x5D2e81cB3A6FECe856B824Dfd7e1d6D3dbaD8cd9,0x5fc5360D0400a0Fd4f2af552ADD042D716F1d168,currency0,USDG,指定150分にPoolManagerが発したSwapイベントの件数。出来高・TVL・価格品質ではない。
33,no,0xb1aacec7190fc97f93c9301b60dd21be847056d66a95d226c1428e46f9f13aa5,0,0.0,52666545,915ae260ec965fd40f4bd66cbc34bb108e63490242d3f627c56c833a03db0707,https://robinhoodchain.blockscout.com/tx/0x915ae260ec965fd40f4bd66cbc34bb108e63490242d3f627c56c833a03db0707,0x5D2e81cB3A6FECe856B824Dfd7e1d6D3dbaD8cd9,0x5fc5360D0400a0Fd4f2af552ADD042D716F1d168,currency0,USDG,指定150分にPoolManagerが発したSwapイベントの件数。出来高・TVL・価格品質ではない。
34,no,0xba3ba2264144b249d7005408a9b01770e938a3faac1834b6a6aafd0a90dfffa7,0,0.0,52624462,7433a9e023ea5c665323ede9d07ac556825ef4e17b062d6f9da12895440e7c9b,https://robinhoodchain.blockscout.com/tx/0x7433a9e023ea5c665323ede9d07ac556825ef4e17b062d6f9da12895440e7c9b,0x5D2e81cB3A6FECe856B824Dfd7e1d6D3dbaD8cd9,0x5fc5360D0400a0Fd4f2af552ADD042D716F1d168,currency0,USDG,指定150分にPoolManagerが発したSwapイベントの件数。出来高・TVL・価格品質ではない。
35,no,0xd98aa1e4528ae8c2b706e2d42c0a1bcdf5a1365584b89fe0f3857b9e7f3207cc,0,0.0,52661558,f0fed4e0170e62573cb5d3c763d2070cd4eed0288ba2c132f402edf4bc0e6ee3,https://robinhoodchain.blockscout.com/tx/0xf0fed4e0170e62573cb5d3c763d2070cd4eed0288ba2c132f402edf4bc0e6ee3,0x5D2e81cB3A6FECe856B824Dfd7e1d6D3dbaD8cd9,0x5fc5360D0400a0Fd4f2af552ADD042D716F1d168,currency0,USDG,指定150分にPoolManagerが発したSwapイベントの件数。出来高・TVL・価格品質ではない。
36,no,0xdbd65b0a561f05ea287e4e8dc337640dc57970bd8f639e28584297aa4375b030,0,0.0,52730530,da8094d4f0d025212e82dbe7d75da259b0347ba0d5c1070921be0305eb441a36,https://robinhoodchain.blockscout.com/tx/0xda8094d4f0d025212e82dbe7d75da259b0347ba0d5c1070921be0305eb441a36,0x5D2e81cB3A6FECe856B824Dfd7e1d6D3dbaD8cd9,0x5fc5360D0400a0Fd4f2af552ADD042D716F1d168,currency0,USDG,指定150分にPoolManagerが発したSwapイベントの件数。出来高・TVL・価格品質ではない。
37,no,0xe2e43c103be3ac28ce7c763dac905d3fb1cdbddf8ceb1b150e91828170196134,0,0.0,52653948,c4c66718d2008a8a0d29da1fa9226d189e4e2af8a0930fbe54c57b3f60266ddd,https://robinhoodchain.blockscout.com/tx/0xc4c66718d2008a8a0d29da1fa9226d189e4e2af8a0930fbe54c57b3f60266ddd,0x5D2e81cB3A6FECe856B824Dfd7e1d6D3dbaD8cd9,0x5fc5360D0400a0Fd4f2af552ADD042D716F1d168,currency0,USDG,指定150分にPoolManagerが発したSwapイベントの件数。出来高・TVL・価格品質ではない。
38,no,0xe68d791fd4db60cfec4001df9e3ca28a7626b967a06c80433c639c3fad039f94,0,0.0,52687035,6b01d6c3352949495045ab1c270635635be6dd260d7eae8ec462393fb99cc656,https://robinhoodchain.blockscout.com/tx/0x6b01d6c3352949495045ab1c270635635be6dd260d7eae8ec462393fb99cc656,0x5D2e81cB3A6FECe856B824Dfd7e1d6D3dbaD8cd9,0x5fc5360D0400a0Fd4f2af552ADD042D716F1d168,currency0,USDG,指定150分にPoolManagerが発したSwapイベントの件数。出来高・TVL・価格品質ではない。
39,no,0xf6af2eb909bad26357ed27cdb6408b3fa2ec65e26478d6f50605d1c2de92e5af,0,0.0,52655517,93eadc38acd00733ab7838ed3455cf5d2e53d88abd0ef1b6c2b166dd9c24cf86,https://robinhoodchain.blockscout.com/tx/0x93eadc38acd00733ab7838ed3455cf5d2e53d88abd0ef1b6c2b166dd9c24cf86,0x5D2e81cB3A6FECe856B824Dfd7e1d6D3dbaD8cd9,0x5fc5360D0400a0Fd4f2af552ADD042D716F1d168,currency0,USDG,指定150分にPoolManagerが発したSwapイベントの件数。出来高・TVL・価格品質ではない。
40,no,0xf90165303ea30e0cf6b4b57308a6b0d38937d29edb2f11b055df41f2b8d3c73f,0,0.0,52742485,3bcbb49f439bf6406488f3a8cfd500bb0f317cead9391aa91d5d4e2840767212,https://robinhoodchain.blockscout.com/tx/0x3bcbb49f439bf6406488f3a8cfd500bb0f317cead9391aa91d5d4e2840767212,0x5D2e81cB3A6FECe856B824Dfd7e1d6D3dbaD8cd9,0x5fc5360D0400a0Fd4f2af552ADD042D716F1d168,currency0,USDG,指定150分にPoolManagerが発したSwapイベントの件数。出来高・TVL・価格品質ではない。
