公式トークン,公式トークン名,公式コントラクト,公式コントラクト確認URL,API取得結果,API取得時刻UTC,直接API照会URL,API返却行数,API返却総行数,API返却30件以上（上限の可能性）,決済又はガス系_API返却行数,公式レジストリ内_API返却行数,外部ERC-20_API返却行数,正の流動性を持つ外部候補プール数,正の流動性を持つ外部相手コントラクト数,候補プール流動性USD合計（API表示値の単純和）,判定,判定の意味
SPCX,Space Exploration Technologies Corp. Class A Common Stock • Robinhood Token,0x4a0e65a3eccec6dbe60ae065f2e7bb85fae35eea,https://robinhoodchain.blockscout.com/token/0x4a0e65a3eccec6dbe60ae065f2e7bb85fae35eea,ok,2026-09-06T06:20:10.317220+00:00,https://api.dexscreener.com/token-pairs/v1/robinhood/0x4a0e65a3eccec6dbe60ae065f2e7bb85fae35eea,30,30,True,28,2,0,0,0,0.0,不明（API上限の可能性）,外部ERC-20行は返らなかったが、APIが30件以上を返した。外部ERC-20が存在しないとは言えない。
AXON,Axon • Robinhood Token,0xc27dbd474af5181c5a8777903690d8d262d12648,https://robinhoodchain.blockscout.com/token/0xc27dbd474af5181c5a8777903690d8d262d12648,ok,2026-09-06T06:18:43.016392+00:00,https://api.dexscreener.com/token-pairs/v1/robinhood/0xc27dbd474af5181c5a8777903690d8d262d12648,5,5,False,4,0,1,0,0,0.0,外部ERC-20候補あり（正の流動性未確認）,外部ERC-20行は返ったが、流動性USDは0又は欠損。正の流動性プール一覧から除外した。
AXTI,AXT • Robinhood Token,0x141eea040c2250eec0314e336975e81f85f6585e,https://robinhoodchain.blockscout.com/token/0x141eea040c2250eec0314e336975e81f85f6585e,ok,2026-09-06T06:18:43.873355+00:00,https://api.dexscreener.com/token-pairs/v1/robinhood/0x141eea040c2250eec0314e336975e81f85f6585e,2,2,False,1,0,1,0,0,0.0,外部ERC-20候補あり（正の流動性未確認）,外部ERC-20行は返ったが、流動性USDは0又は欠損。正の流動性プール一覧から除外した。
CBRS,Cerebras Systems • Robinhood Token,0x5c90450bbb4273d7b2f17cf6917aeb237a569679,https://robinhoodchain.blockscout.com/token/0x5c90450bbb4273d7b2f17cf6917aeb237a569679,ok,2026-09-06T06:18:47.950833+00:00,https://api.dexscreener.com/token-pairs/v1/robinhood/0x5c90450bbb4273d7b2f17cf6917aeb237a569679,3,3,False,2,0,1,0,0,0.0,外部ERC-20候補あり（正の流動性未確認）,外部ERC-20行は返ったが、流動性USDは0又は欠損。正の流動性プール一覧から除外した。
CIEN,Ciena • Robinhood Token,0x44f6d488021f8233b9416294d1fe9b1fee28382d,https://robinhoodchain.blockscout.com/token/0x44f6d488021f8233b9416294d1fe9b1fee28382d,ok,2026-09-06T06:18:51.067226+00:00,https://api.dexscreener.com/token-pairs/v1/robinhood/0x44f6d488021f8233b9416294d1fe9b1fee28382d,8,8,False,7,0,1,0,0,0.0,外部ERC-20候補あり（正の流動性未確認）,外部ERC-20行は返ったが、流動性USDは0又は欠損。正の流動性プール一覧から除外した。
LITE,Lumentum • Robinhood Token,0x8ef20885f94e3d9bc7eb3080279188bd5ed7c08c,https://robinhoodchain.blockscout.com/token/0x8ef20885f94e3d9bc7eb3080279188bd5ed7c08c,ok,2026-09-06T06:19:26.043555+00:00,https://api.dexscreener.com/token-pairs/v1/robinhood/0x8ef20885f94e3d9bc7eb3080279188bd5ed7c08c,8,8,False,6,0,2,0,0,0.0,外部ERC-20候補あり（正の流動性未確認）,外部ERC-20行は返ったが、流動性USDは0又は欠損。正の流動性プール一覧から除外した。
TTD,Trade Desk • Robinhood Token,0x0b5fb4031cae9163db10b169ee72685f0edc8545,https://robinhoodchain.blockscout.com/token/0x0b5fb4031cae9163db10b169ee72685f0edc8545,ok,2026-09-06T06:20:16.056211+00:00,https://api.dexscreener.com/token-pairs/v1/robinhood/0x0b5fb4031cae9163db10b169ee72685f0edc8545,9,9,False,8,0,1,0,0,0.0,外部ERC-20候補あり（正の流動性未確認）,外部ERC-20行は返ったが、流動性USDは0又は欠損。正の流動性プール一覧から除外した。
ZS,Zscaler • Robinhood Token,0x7dc013eb55e436f30d7ed1afe4e36d6e45e3c3f7,https://robinhoodchain.blockscout.com/token/0x7dc013eb55e436f30d7ed1afe4e36d6e45e3c3f7,ok,2026-09-06T06:20:26.686518+00:00,https://api.dexscreener.com/token-pairs/v1/robinhood/0x7dc013eb55e436f30d7ed1afe4e36d6e45e3c3f7,2,2,False,1,0,1,0,0,0.0,外部ERC-20候補あり（正の流動性未確認）,外部ERC-20行は返ったが、流動性USDは0又は欠損。正の流動性プール一覧から除外した。
AAOI,Applied Optoelectronics • Robinhood Token,0x521cf887e6531c6f667b5bc4d896e5d9bfe8eb2e,https://robinhoodchain.blockscout.com/token/0x521cf887e6531c6f667b5bc4d896e5d9bfe8eb2e,ok,2026-09-06T06:18:29.955173+00:00,https://api.dexscreener.com/token-pairs/v1/robinhood/0x521cf887e6531c6f667b5bc4d896e5d9bfe8eb2e,12,12,False,8,0,4,3,3,13656.210000000001,外部ERC-20候補あり（正の流動性）,決済・ガス系でも公式トークンでもない相手との、流動性USDが正のプールが返った。人手分類の候補であり、ミームコイン分類ではない。
AAPL,Apple • Robinhood Token,0xaf3d76f1834a1d425780943c99ea8a608f8a93f9,https://robinhoodchain.blockscout.com/token/0xaf3d76f1834a1d425780943c99ea8a608f8a93f9,ok,2026-09-06T06:18:30.563456+00:00,https://api.dexscreener.com/token-pairs/v1/robinhood/0xaf3d76f1834a1d425780943c99ea8a608f8a93f9,30,30,True,24,5,1,1,1,53.45,外部ERC-20候補あり（正の流動性）,決済・ガス系でも公式トークンでもない相手との、流動性USDが正のプールが返った。人手分類の候補であり、ミームコイン分類ではない。
ABCL,Abcellera Biologics • Robinhood Token,0x3139d77ace0cbaa5bdfd38bd1f1911a794af0b0e,https://robinhoodchain.blockscout.com/token/0x3139d77ace0cbaa5bdfd38bd1f1911a794af0b0e,ok,2026-09-06T06:18:31.051101+00:00,https://api.dexscreener.com/token-pairs/v1/robinhood/0x3139d77ace0cbaa5bdfd38bd1f1911a794af0b0e,4,4,False,2,0,2,2,2,25332.55,外部ERC-20候補あり（正の流動性）,決済・ガス系でも公式トークンでもない相手との、流動性USDが正のプールが返った。人手分類の候補であり、ミームコイン分類ではない。
ADBE,Adobe • Robinhood Token,0x232b8ed6377be97813853b0ac104c4cda8378d1b,https://robinhoodchain.blockscout.com/token/0x232b8ed6377be97813853b0ac104c4cda8378d1b,ok,2026-09-06T06:18:31.678557+00:00,https://api.dexscreener.com/token-pairs/v1/robinhood/0x232b8ed6377be97813853b0ac104c4cda8378d1b,23,23,False,12,0,11,10,10,103413.02,外部ERC-20候補あり（正の流動性）,決済・ガス系でも公式トークンでもない相手との、流動性USDが正のプールが返った。人手分類の候補であり、ミームコイン分類ではない。
AMBA,Ambarella • Robinhood Token,0x99d9d8663545151603863c5acbd6fc3218899009,https://robinhoodchain.blockscout.com/token/0x99d9d8663545151603863c5acbd6fc3218899009,ok,2026-09-06T06:18:35.013189+00:00,https://api.dexscreener.com/token-pairs/v1/robinhood/0x99d9d8663545151603863c5acbd6fc3218899009,13,13,False,9,0,4,1,1,4427.11,外部ERC-20候補あり（正の流動性）,決済・ガス系でも公式トークンでもない相手との、流動性USDが正のプールが返った。人手分類の候補であり、ミームコイン分類ではない。
AMC,AMC Entertainment • Robinhood Token,0x05a3d1cd21d0c88145e82600e62e7e496e0f222b,https://robinhoodchain.blockscout.com/token/0x05a3d1cd21d0c88145e82600e62e7e496e0f222b,ok,2026-09-06T06:18:35.508044+00:00,https://api.dexscreener.com/token-pairs/v1/robinhood/0x05a3d1cd21d0c88145e82600e62e7e496e0f222b,30,30,True,29,0,1,1,1,2313464.55,外部ERC-20候補あり（正の流動性）,決済・ガス系でも公式トークンでもない相手との、流動性USDが正のプールが返った。人手分類の候補であり、ミームコイン分類ではない。
AMD,AMD • Robinhood Token,0x86923f96303d656e4aa86d9d42d1e57ad2023fdc,https://robinhoodchain.blockscout.com/token/0x86923f96303d656e4aa86d9d42d1e57ad2023fdc,ok,2026-09-06T06:18:36.203214+00:00,https://api.dexscreener.com/token-pairs/v1/robinhood/0x86923f96303d656e4aa86d9d42d1e57ad2023fdc,30,30,True,12,1,17,17,16,332509.85,外部ERC-20候補あり（正の流動性）,決済・ガス系でも公式トークンでもない相手との、流動性USDが正のプールが返った。人手分類の候補であり、ミームコイン分類ではない。
AMZN,Amazon • Robinhood Token,0x12f190a9f9d7d37a250758b26824b97ce941bf54,https://robinhoodchain.blockscout.com/token/0x12f190a9f9d7d37a250758b26824b97ce941bf54,ok,2026-09-06T06:18:37.273929+00:00,https://api.dexscreener.com/token-pairs/v1/robinhood/0x12f190a9f9d7d37a250758b26824b97ce941bf54,30,30,True,16,1,13,13,12,361258.01,外部ERC-20候補あり（正の流動性）,決済・ガス系でも公式トークンでもない相手との、流動性USDが正のプールが返った。人手分類の候補であり、ミームコイン分類ではない。
APP,AppLovin • Robinhood Token,0xa249baf1063af884807c1e1400aef7784836917e,https://robinhoodchain.blockscout.com/token/0xa249baf1063af884807c1e1400aef7784836917e,ok,2026-09-06T06:18:38.984340+00:00,https://api.dexscreener.com/token-pairs/v1/robinhood/0xa249baf1063af884807c1e1400aef7784836917e,10,10,False,8,0,2,1,1,4493.54,外部ERC-20候補あり（正の流動性）,決済・ガス系でも公式トークンでもない相手との、流動性USDが正のプールが返った。人手分類の候補であり、ミームコイン分類ではない。
ASML,ASML Holding NV • Robinhood Token,0x47f93d52cbec7c6d2cfc080e154002370a60daea,https://robinhoodchain.blockscout.com/token/0x47f93d52cbec7c6d2cfc080e154002370a60daea,ok,2026-09-06T06:18:39.560976+00:00,https://api.dexscreener.com/token-pairs/v1/robinhood/0x47f93d52cbec7c6d2cfc080e154002370a60daea,19,19,False,7,1,11,11,10,212669.35,外部ERC-20候補あり（正の流動性）,決済・ガス系でも公式トークンでもない相手との、流動性USDが正のプールが返った。人手分類の候補であり、ミームコイン分類ではない。
ASTS,AST SpaceMobile • Robinhood Token,0x1af6446f07eb1d97c546afc8c9544cbdf3ad5137,https://robinhoodchain.blockscout.com/token/0x1af6446f07eb1d97c546afc8c9544cbdf3ad5137,ok,2026-09-06T06:18:40.399422+00:00,https://api.dexscreener.com/token-pairs/v1/robinhood/0x1af6446f07eb1d97c546afc8c9544cbdf3ad5137,11,11,False,5,0,6,6,6,35543.28,外部ERC-20候補あり（正の流動性）,決済・ガス系でも公式トークンでもない相手との、流動性USDが正のプールが返った。人手分類の候補であり、ミームコイン分類ではない。
AVGO,Broadcom • Robinhood Token,0x156e175dd063a8ce274c50654ef40e0032b3fbcf,https://robinhoodchain.blockscout.com/token/0x156e175dd063a8ce274c50654ef40e0032b3fbcf,ok,2026-09-06T06:18:42.328879+00:00,https://api.dexscreener.com/token-pairs/v1/robinhood/0x156e175dd063a8ce274c50654ef40e0032b3fbcf,18,18,False,12,0,6,5,3,41285.43,外部ERC-20候補あり（正の流動性）,決済・ガス系でも公式トークンでもない相手との、流動性USDが正のプールが返った。人手分類の候補であり、ミームコイン分類ではない。
BA,Boeing • Robinhood Token,0x4d21483a44bf67a86b77e3da301411880797d452,https://robinhoodchain.blockscout.com/token/0x4d21483a44bf67a86b77e3da301411880797d452,ok,2026-09-06T06:18:44.582363+00:00,https://api.dexscreener.com/token-pairs/v1/robinhood/0x4d21483a44bf67a86b77e3da301411880797d452,30,30,True,11,0,19,19,19,436635.92,外部ERC-20候補あり（正の流動性）,決済・ガス系でも公式トークンでもない相手との、流動性USDが正のプールが返った。人手分類の候補であり、ミームコイン分類ではない。
BABA,Alibaba • Robinhood Token,0xad25ac6c84d497db898fa1e8387bf6af3532a1c4,https://robinhoodchain.blockscout.com/token/0xad25ac6c84d497db898fa1e8387bf6af3532a1c4,ok,2026-09-06T06:18:45.221065+00:00,https://api.dexscreener.com/token-pairs/v1/robinhood/0xad25ac6c84d497db898fa1e8387bf6af3532a1c4,30,30,True,12,0,18,18,18,211660.53,外部ERC-20候補あり（正の流動性）,決済・ガス系でも公式トークンでもない相手との、流動性USDが正のプールが返った。人手分類の候補であり、ミームコイン分類ではない。
BB,Blackberry • Robinhood Token,0x48e39e56acdba37b09020c0b734a613c9a2f100a,https://robinhoodchain.blockscout.com/token/0x48e39e56acdba37b09020c0b734a613c9a2f100a,ok,2026-09-06T06:18:45.799965+00:00,https://api.dexscreener.com/token-pairs/v1/robinhood/0x48e39e56acdba37b09020c0b734a613c9a2f100a,30,30,True,9,1,20,20,20,651554.04,外部ERC-20候補あり（正の流動性）,決済・ガス系でも公式トークンでもない相手との、流動性USDが正のプールが返った。人手分類の候補であり、ミームコイン分類ではない。
BE,Bloom Energy • Robinhood Token,0x822cc93ffd030293e9842c30bbd678f530701867,https://robinhoodchain.blockscout.com/token/0x822cc93ffd030293e9842c30bbd678f530701867,ok,2026-09-06T06:18:46.378627+00:00,https://api.dexscreener.com/token-pairs/v1/robinhood/0x822cc93ffd030293e9842c30bbd678f530701867,30,30,True,9,0,21,21,21,659508.31,外部ERC-20候補あり（正の流動性）,決済・ガス系でも公式トークンでもない相手との、流動性USDが正のプールが返った。人手分類の候補であり、ミームコイン分類ではない。
BULL,Webull • Robinhood Token,0xcef9027c7d6985b85f0ba431125073529a947a68,https://robinhoodchain.blockscout.com/token/0xcef9027c7d6985b85f0ba431125073529a947a68,ok,2026-09-06T06:18:47.213404+00:00,https://api.dexscreener.com/token-pairs/v1/robinhood/0xcef9027c7d6985b85f0ba431125073529a947a68,30,30,True,17,1,12,12,12,163186.02,外部ERC-20候補あり（正の流動性）,決済・ガス系でも公式トークンでもない相手との、流動性USDが正のプールが返った。人手分類の候補であり、ミームコイン分類ではない。
CCL,Carnival Corporation • Robinhood Token,0x9651342cea770ae9a2969ba2a52611523146aef9,https://robinhoodchain.blockscout.com/token/0x9651342cea770ae9a2969ba2a52611523146aef9,ok,2026-09-06T06:18:48.492583+00:00,https://api.dexscreener.com/token-pairs/v1/robinhood/0x9651342cea770ae9a2969ba2a52611523146aef9,4,4,False,2,0,2,2,2,53960.77,外部ERC-20候補あり（正の流動性）,決済・ガス系でも公式トークンでもない相手との、流動性USDが正のプールが返った。人手分類の候補であり、ミームコイン分類ではない。
CEG,Constellation Energy • Robinhood Token,0xae517a2903e68bd929dfd15be875f8369d53e94a,https://robinhoodchain.blockscout.com/token/0xae517a2903e68bd929dfd15be875f8369d53e94a,ok,2026-09-06T06:18:49.132851+00:00,https://api.dexscreener.com/token-pairs/v1/robinhood/0xae517a2903e68bd929dfd15be875f8369d53e94a,7,7,False,6,0,1,1,1,11628.24,外部ERC-20候補あり（正の流動性）,決済・ガス系でも公式トークンでもない相手との、流動性USDが正のプールが返った。人手分類の候補であり、ミームコイン分類ではない。
CELH,Celsius • Robinhood Token,0x8cf07c5a878945185d327aaa6e33faa95f95e7bf,https://robinhoodchain.blockscout.com/token/0x8cf07c5a878945185d327aaa6e33faa95f95e7bf,ok,2026-09-06T06:18:50.021935+00:00,https://api.dexscreener.com/token-pairs/v1/robinhood/0x8cf07c5a878945185d327aaa6e33faa95f95e7bf,6,6,False,4,0,2,1,1,3491.35,外部ERC-20候補あり（正の流動性）,決済・ガス系でも公式トークンでもない相手との、流動性USDが正のプールが返った。人手分類の候補であり、ミームコイン分類ではない。
CLOV,Clover Health Investments • Robinhood Token,0x62200915e7deab1ec7f79fb246dadbb80eacddd0,https://robinhoodchain.blockscout.com/token/0x62200915e7deab1ec7f79fb246dadbb80eacddd0,ok,2026-09-06T06:18:51.659998+00:00,https://api.dexscreener.com/token-pairs/v1/robinhood/0x62200915e7deab1ec7f79fb246dadbb80eacddd0,8,8,False,6,0,2,1,1,5147.46,外部ERC-20候補あり（正の流動性）,決済・ガス系でも公式トークンでもない相手との、流動性USDが正のプールが返った。人手分類の候補であり、ミームコイン分類ではない。
CLSK,CleanSpark • Robinhood Token,0xcbb95bbf36099d34da091dc6fa6f49efa257cee3,https://robinhoodchain.blockscout.com/token/0xcbb95bbf36099d34da091dc6fa6f49efa257cee3,ok,2026-09-06T06:18:53.499101+00:00,https://api.dexscreener.com/token-pairs/v1/robinhood/0xcbb95bbf36099d34da091dc6fa6f49efa257cee3,4,4,False,3,0,1,1,1,19977.52,外部ERC-20候補あり（正の流動性）,決済・ガス系でも公式トークンでもない相手との、流動性USDが正のプールが返った。人手分類の候補であり、ミームコイン分類ではない。
COIN,Coinbase • Robinhood Token,0x6330d8c3178a418788df01a47479c0ce7ccf450b,https://robinhoodchain.blockscout.com/token/0x6330d8c3178a418788df01a47479c0ce7ccf450b,ok,2026-09-06T06:18:54.926065+00:00,https://api.dexscreener.com/token-pairs/v1/robinhood/0x6330d8c3178a418788df01a47479c0ce7ccf450b,30,30,True,10,1,19,19,19,585805.54,外部ERC-20候補あり（正の流動性）,決済・ガス系でも公式トークンでもない相手との、流動性USDが正のプールが返った。人手分類の候補であり、ミームコイン分類ではない。
COST,Costco • Robinhood Token,0x4ea005168d7f09a7a0ba9d1def21a479950e44c2,https://robinhoodchain.blockscout.com/token/0x4ea005168d7f09a7a0ba9d1def21a479950e44c2,ok,2026-09-06T06:18:55.423631+00:00,https://api.dexscreener.com/token-pairs/v1/robinhood/0x4ea005168d7f09a7a0ba9d1def21a479950e44c2,30,30,True,12,2,16,16,16,514974.38,外部ERC-20候補あり（正の流動性）,決済・ガス系でも公式トークンでもない相手との、流動性USDが正のプールが返った。人手分類の候補であり、ミームコイン分類ではない。
CRCL,Circle Internet Group • Robinhood Token,0xdf0992e440dd0be65bd8439b609d6d4366bf1cb5,https://robinhoodchain.blockscout.com/token/0xdf0992e440dd0be65bd8439b609d6d4366bf1cb5,ok,2026-09-06T06:18:56.031479+00:00,https://api.dexscreener.com/token-pairs/v1/robinhood/0xdf0992e440dd0be65bd8439b609d6d4366bf1cb5,30,30,True,12,1,17,17,17,549009.23,外部ERC-20候補あり（正の流動性）,決済・ガス系でも公式トークンでもない相手との、流動性USDが正のプールが返った。人手分類の候補であり、ミームコイン分類ではない。
CRM,Salesforce • Robinhood Token,0xd95b44124e475743a7589e68f3d74008a5536d44,https://robinhoodchain.blockscout.com/token/0xd95b44124e475743a7589e68f3d74008a5536d44,ok,2026-09-06T06:18:57.267036+00:00,https://api.dexscreener.com/token-pairs/v1/robinhood/0xd95b44124e475743a7589e68f3d74008a5536d44,5,5,False,3,0,2,2,2,28761.91,外部ERC-20候補あり（正の流動性）,決済・ガス系でも公式トークンでもない相手との、流動性USDが正のプールが返った。人手分類の候補であり、ミームコイン分類ではない。
CRWD,CrowdStrike Holdings • Robinhood Token,0xea72ecca2d0f6bfa1394dbbcff85b52cd4233931,https://robinhoodchain.blockscout.com/token/0xea72ecca2d0f6bfa1394dbbcff85b52cd4233931,ok,2026-09-06T06:18:57.821791+00:00,https://api.dexscreener.com/token-pairs/v1/robinhood/0xea72ecca2d0f6bfa1394dbbcff85b52cd4233931,5,5,False,2,0,3,2,2,14386.5,外部ERC-20候補あり（正の流動性）,決済・ガス系でも公式トークンでもない相手との、流動性USDが正のプールが返った。人手分類の候補であり、ミームコイン分類ではない。
CRWV,CoreWeave • Robinhood Token,0x5f10a1c971b69e47e059e1dc91901b59b3fb49c3,https://robinhoodchain.blockscout.com/token/0x5f10a1c971b69e47e059e1dc91901b59b3fb49c3,ok,2026-09-06T06:18:58.568651+00:00,https://api.dexscreener.com/token-pairs/v1/robinhood/0x5f10a1c971b69e47e059e1dc91901b59b3fb49c3,9,9,False,4,1,4,4,4,105341.61,外部ERC-20候補あり（正の流動性）,決済・ガス系でも公式トークンでもない相手との、流動性USDが正のプールが返った。人手分類の候補であり、ミームコイン分類ではない。
CSCO,Cisco Systems • Robinhood Token,0xf543967eebb6f1917992ef0e68de63ab07a5a0da,https://robinhoodchain.blockscout.com/token/0xf543967eebb6f1917992ef0e68de63ab07a5a0da,ok,2026-09-06T06:18:59.099564+00:00,https://api.dexscreener.com/token-pairs/v1/robinhood/0xf543967eebb6f1917992ef0e68de63ab07a5a0da,7,7,False,5,0,2,2,2,26446.88,外部ERC-20候補あり（正の流動性）,決済・ガス系でも公式トークンでもない相手との、流動性USDが正のプールが返った。人手分類の候補であり、ミームコイン分類ではない。
CVNA,Carvana • Robinhood Token,0xa4f319104089fe321dc8093c6e707d4fe190a988,https://robinhoodchain.blockscout.com/token/0xa4f319104089fe321dc8093c6e707d4fe190a988,ok,2026-09-06T06:19:00.123943+00:00,https://api.dexscreener.com/token-pairs/v1/robinhood/0xa4f319104089fe321dc8093c6e707d4fe190a988,13,13,False,9,0,4,4,4,19091.08,外部ERC-20候補あり（正の流動性）,決済・ガス系でも公式トークンでもない相手との、流動性USDが正のプールが返った。人手分類の候補であり、ミームコイン分類ではない。
DDOG,Datadog • Robinhood Token,0x27c99fbde9d0d2aa4f4bfb4943f237843ddf6958,https://robinhoodchain.blockscout.com/token/0x27c99fbde9d0d2aa4f4bfb4943f237843ddf6958,ok,2026-09-06T06:19:00.629440+00:00,https://api.dexscreener.com/token-pairs/v1/robinhood/0x27c99fbde9d0d2aa4f4bfb4943f237843ddf6958,11,11,False,4,0,7,7,7,32500.74,外部ERC-20候補あり（正の流動性）,決済・ガス系でも公式トークンでもない相手との、流動性USDが正のプールが返った。人手分類の候補であり、ミームコイン分類ではない。
DELL,Dell • Robinhood Token,0x941ae714ec6d8130c7b75d67160ca08f1e7d11dd,https://robinhoodchain.blockscout.com/token/0x941ae714ec6d8130c7b75d67160ca08f1e7d11dd,ok,2026-09-06T06:19:01.128821+00:00,https://api.dexscreener.com/token-pairs/v1/robinhood/0x941ae714ec6d8130c7b75d67160ca08f1e7d11dd,28,28,False,6,0,22,21,21,465687.81,外部ERC-20候補あり（正の流動性）,決済・ガス系でも公式トークンでもない相手との、流動性USDが正のプールが返った。人手分類の候補であり、ミームコイン分類ではない。
DJT,Trump Media & Technology Group • Robinhood Token,0x1d11f0496982706c5e14a514d4e79f2e6bde4516,https://robinhoodchain.blockscout.com/token/0x1d11f0496982706c5e14a514d4e79f2e6bde4516,ok,2026-09-06T06:19:01.634065+00:00,https://api.dexscreener.com/token-pairs/v1/robinhood/0x1d11f0496982706c5e14a514d4e79f2e6bde4516,30,30,True,20,0,10,10,10,436519.77999999997,外部ERC-20候補あり（正の流動性）,決済・ガス系でも公式トークンでもない相手との、流動性USDが正のプールが返った。人手分類の候補であり、ミームコイン分類ではない。
DOCN,DigitalOcean • Robinhood Token,0xc02f12b9fe9e707079ec0d546f3050d3f6c1f8bd,https://robinhoodchain.blockscout.com/token/0xc02f12b9fe9e707079ec0d546f3050d3f6c1f8bd,ok,2026-09-06T06:19:02.127473+00:00,https://api.dexscreener.com/token-pairs/v1/robinhood/0xc02f12b9fe9e707079ec0d546f3050d3f6c1f8bd,5,5,False,4,0,1,1,1,3937.86,外部ERC-20候補あり（正の流動性）,決済・ガス系でも公式トークンでもない相手との、流動性USDが正のプールが返った。人手分類の候補であり、ミームコイン分類ではない。
ELF,e.l.f. Beauty • Robinhood Token,0x39ec44bee4f6a116c6f9b8de566848a985c53c60,https://robinhoodchain.blockscout.com/token/0x39ec44bee4f6a116c6f9b8de566848a985c53c60,ok,2026-09-06T06:19:02.689816+00:00,https://api.dexscreener.com/token-pairs/v1/robinhood/0x39ec44bee4f6a116c6f9b8de566848a985c53c60,13,13,False,7,0,6,6,6,27788.15,外部ERC-20候補あり（正の流動性）,決済・ガス系でも公式トークンでもない相手との、流動性USDが正のプールが返った。人手分類の候補であり、ミームコイン分類ではない。
F,Ford Motor • Robinhood Token,0x25c288e6d899b9bc30160965ad9644c67e73be0c,https://robinhoodchain.blockscout.com/token/0x25c288e6d899b9bc30160965ad9644c67e73be0c,ok,2026-09-06T06:19:03.182999+00:00,https://api.dexscreener.com/token-pairs/v1/robinhood/0x25c288e6d899b9bc30160965ad9644c67e73be0c,30,30,True,13,0,17,17,17,331913.77,外部ERC-20候補あり（正の流動性）,決済・ガス系でも公式トークンでもない相手との、流動性USDが正のプールが返った。人手分類の候補であり、ミームコイン分類ではない。
FIG,Figma • Robinhood Token,0x41f4267525a8aff329540ef24fd83d9044758b33,https://robinhoodchain.blockscout.com/token/0x41f4267525a8aff329540ef24fd83d9044758b33,ok,2026-09-06T06:19:04.693077+00:00,https://api.dexscreener.com/token-pairs/v1/robinhood/0x41f4267525a8aff329540ef24fd83d9044758b33,30,30,True,10,0,20,20,20,553011.64,外部ERC-20候補あり（正の流動性）,決済・ガス系でも公式トークンでもない相手との、流動性USDが正のプールが返った。人手分類の候補であり、ミームコイン分類ではない。
FIX,Comfort Systems • Robinhood Token,0x93dbb1d2dc5d63f4abacff30485273f538df68ac,https://robinhoodchain.blockscout.com/token/0x93dbb1d2dc5d63f4abacff30485273f538df68ac,ok,2026-09-06T06:19:05.786691+00:00,https://api.dexscreener.com/token-pairs/v1/robinhood/0x93dbb1d2dc5d63f4abacff30485273f538df68ac,11,11,False,7,0,4,4,4,60243.37,外部ERC-20候補あり（正の流動性）,決済・ガス系でも公式トークンでもない相手との、流動性USDが正のプールが返った。人手分類の候補であり、ミームコイン分類ではない。
FLNC,Fluence Energy • Robinhood Token,0x282e87451e10fa6679bc7d76c69be44cd3fc777c,https://robinhoodchain.blockscout.com/token/0x282e87451e10fa6679bc7d76c69be44cd3fc777c,ok,2026-09-06T06:19:06.605694+00:00,https://api.dexscreener.com/token-pairs/v1/robinhood/0x282e87451e10fa6679bc7d76c69be44cd3fc777c,20,20,False,12,0,8,6,6,29680.58,外部ERC-20候補あり（正の流動性）,決済・ガス系でも公式トークンでもない相手との、流動性USDが正のプールが返った。人手分類の候補であり、ミームコイン分類ではない。
FLY,Firefly Aerospace Inc. • Robinhood Token,0x03bc731ffb162cdd7b98d3c6542bfc291126075d,https://robinhoodchain.blockscout.com/token/0x03bc731ffb162cdd7b98d3c6542bfc291126075d,ok,2026-09-06T06:19:07.510029+00:00,https://api.dexscreener.com/token-pairs/v1/robinhood/0x03bc731ffb162cdd7b98d3c6542bfc291126075d,17,17,False,11,0,6,5,5,26827.480000000003,外部ERC-20候補あり（正の流動性）,決済・ガス系でも公式トークンでもない相手との、流動性USDが正のプールが返った。人手分類の候補であり、ミームコイン分類ではない。
FTNT,Fortinet • Robinhood Token,0x3fb8976980d486084b2eb4a404bd12e72823958f,https://robinhoodchain.blockscout.com/token/0x3fb8976980d486084b2eb4a404bd12e72823958f,ok,2026-09-06T06:19:08.337910+00:00,https://api.dexscreener.com/token-pairs/v1/robinhood/0x3fb8976980d486084b2eb4a404bd12e72823958f,4,4,False,2,0,2,2,2,24649.73,外部ERC-20候補あり（正の流動性）,決済・ガス系でも公式トークンでもない相手との、流動性USDが正のプールが返った。人手分類の候補であり、ミームコイン分類ではない。
FUTU,Futu Holdings • Robinhood Token,0xeb30663bdff0622ef4e4e5cbb4e975f19f33f51d,https://robinhoodchain.blockscout.com/token/0xeb30663bdff0622ef4e4e5cbb4e975f19f33f51d,ok,2026-09-06T06:19:08.875899+00:00,https://api.dexscreener.com/token-pairs/v1/robinhood/0xeb30663bdff0622ef4e4e5cbb4e975f19f33f51d,10,10,False,5,0,5,5,5,17838.36,外部ERC-20候補あり（正の流動性）,決済・ガス系でも公式トークンでもない相手との、流動性USDが正のプールが返った。人手分類の候補であり、ミームコイン分類ではない。
GE,General Electric • Robinhood Token,0x63b814ddbd6bf339f25fed8c36158a008d5b373e,https://robinhoodchain.blockscout.com/token/0x63b814ddbd6bf339f25fed8c36158a008d5b373e,ok,2026-09-06T06:19:09.754091+00:00,https://api.dexscreener.com/token-pairs/v1/robinhood/0x63b814ddbd6bf339f25fed8c36158a008d5b373e,16,16,False,6,0,10,10,10,85635.69,外部ERC-20候補あり（正の流動性）,決済・ガス系でも公式トークンでもない相手との、流動性USDが正のプールが返った。人手分類の候補であり、ミームコイン分類ではない。
GLXY,Galaxy Digital Inc. • Robinhood Token,0x2d427692e928fa156ec22acfabafa0447c5805b7,https://robinhoodchain.blockscout.com/token/0x2d427692e928fa156ec22acfabafa0447c5805b7,ok,2026-09-06T06:19:12.135033+00:00,https://api.dexscreener.com/token-pairs/v1/robinhood/0x2d427692e928fa156ec22acfabafa0447c5805b7,14,14,False,11,0,3,3,3,84711.8,外部ERC-20候補あり（正の流動性）,決済・ガス系でも公式トークンでもない相手との、流動性USDが正のプールが返った。人手分類の候補であり、ミームコイン分類ではない。
GME,GameStop • Robinhood Token,0x1b0e319c6a659f002271b69db8a7df2f911c153e,https://robinhoodchain.blockscout.com/token/0x1b0e319c6a659f002271b69db8a7df2f911c153e,ok,2026-09-06T06:19:12.712397+00:00,https://api.dexscreener.com/token-pairs/v1/robinhood/0x1b0e319c6a659f002271b69db8a7df2f911c153e,30,30,True,28,1,1,1,1,89.22,外部ERC-20候補あり（正の流動性）,決済・ガス系でも公式トークンでもない相手との、流動性USDが正のプールが返った。人手分類の候補であり、ミームコイン分類ではない。
GOOGL,Alphabet Class A • Robinhood Token,0x2e0847e8910a9732eb3fb1bb4b70a580adad4fe3,https://robinhoodchain.blockscout.com/token/0x2e0847e8910a9732eb3fb1bb4b70a580adad4fe3,ok,2026-09-06T06:19:13.284882+00:00,https://api.dexscreener.com/token-pairs/v1/robinhood/0x2e0847e8910a9732eb3fb1bb4b70a580adad4fe3,30,30,True,19,2,9,9,9,413398.5,外部ERC-20候補あり（正の流動性）,決済・ガス系でも公式トークンでもない相手との、流動性USDが正のプールが返った。人手分類の候補であり、ミームコイン分類ではない。
HII,Huntington Ingalls • Robinhood Token,0xeb61c0ed490a367d4e3631ccf8a74b3bfc7e775d,https://robinhoodchain.blockscout.com/token/0xeb61c0ed490a367d4e3631ccf8a74b3bfc7e775d,ok,2026-09-06T06:19:13.786050+00:00,https://api.dexscreener.com/token-pairs/v1/robinhood/0xeb61c0ed490a367d4e3631ccf8a74b3bfc7e775d,6,6,False,5,0,1,1,1,4092.83,外部ERC-20候補あり（正の流動性）,決済・ガス系でも公式トークンでもない相手との、流動性USDが正のプールが返った。人手分類の候補であり、ミームコイン分類ではない。
HIMS,Hims & Hers Health • Robinhood Token,0xccee82fe024c36fa15e1005ede3e9e4787e23d09,https://robinhoodchain.blockscout.com/token/0xccee82fe024c36fa15e1005ede3e9e4787e23d09,ok,2026-09-06T06:19:14.541277+00:00,https://api.dexscreener.com/token-pairs/v1/robinhood/0xccee82fe024c36fa15e1005ede3e9e4787e23d09,30,30,True,18,0,12,12,11,2010479.79,外部ERC-20候補あり（正の流動性）,決済・ガス系でも公式トークンでもない相手との、流動性USDが正のプールが返った。人手分類の候補であり、ミームコイン分類ではない。
HPE,HP Enterprise • Robinhood Token,0x59dd09d4900c2e4b5f75b7c0d4e6796fcc234cb1,https://robinhoodchain.blockscout.com/token/0x59dd09d4900c2e4b5f75b7c0d4e6796fcc234cb1,ok,2026-09-06T06:19:15.083504+00:00,https://api.dexscreener.com/token-pairs/v1/robinhood/0x59dd09d4900c2e4b5f75b7c0d4e6796fcc234cb1,8,8,False,5,0,3,3,3,37929.17,外部ERC-20候補あり（正の流動性）,決済・ガス系でも公式トークンでもない相手との、流動性USDが正のプールが返った。人手分類の候補であり、ミームコイン分類ではない。
IBM,IBM • Robinhood Token,0x980dcf6766fa79f5cf0c4aadb3ab477ff15a9619,https://robinhoodchain.blockscout.com/token/0x980dcf6766fa79f5cf0c4aadb3ab477ff15a9619,ok,2026-09-06T06:19:16.415254+00:00,https://api.dexscreener.com/token-pairs/v1/robinhood/0x980dcf6766fa79f5cf0c4aadb3ab477ff15a9619,30,30,True,9,0,21,21,20,472294.57,外部ERC-20候補あり（正の流動性）,決済・ガス系でも公式トークンでもない相手との、流動性USDが正のプールが返った。人手分類の候補であり、ミームコイン分類ではない。
IBRX,"ImmunityBio, • Robinhood Token",0x7c148f74ac7445d1f28366b7fcdc6792a9fcd0cf,https://robinhoodchain.blockscout.com/token/0x7c148f74ac7445d1f28366b7fcdc6792a9fcd0cf,ok,2026-09-06T06:19:17.154086+00:00,https://api.dexscreener.com/token-pairs/v1/robinhood/0x7c148f74ac7445d1f28366b7fcdc6792a9fcd0cf,7,7,False,5,0,2,1,1,4955.21,外部ERC-20候補あり（正の流動性）,決済・ガス系でも公式トークンでもない相手との、流動性USDが正のプールが返った。人手分類の候補であり、ミームコイン分類ではない。
INTC,Intel • Robinhood Token,0xc72b96e0e48ecd4dc75e1e45396e26300bc39681,https://robinhoodchain.blockscout.com/token/0xc72b96e0e48ecd4dc75e1e45396e26300bc39681,ok,2026-09-06T06:19:18.914056+00:00,https://api.dexscreener.com/token-pairs/v1/robinhood/0xc72b96e0e48ecd4dc75e1e45396e26300bc39681,30,30,True,11,1,18,18,16,463389.15,外部ERC-20候補あり（正の流動性）,決済・ガス系でも公式トークンでもない相手との、流動性USDが正のプールが返った。人手分類の候補であり、ミームコイン分類ではない。
IONQ,IonQ • Robinhood Token,0x558378e000d634a36593e338ebacdd6207640efe,https://robinhoodchain.blockscout.com/token/0x558378e000d634a36593e338ebacdd6207640efe,ok,2026-09-06T06:19:20.255236+00:00,https://api.dexscreener.com/token-pairs/v1/robinhood/0x558378e000d634a36593e338ebacdd6207640efe,4,4,False,3,0,1,1,1,2472.31,外部ERC-20候補あり（正の流動性）,決済・ガス系でも公式トークンでもない相手との、流動性USDが正のプールが返った。人手分類の候補であり、ミームコイン分類ではない。
IREN,IREN Limited • Robinhood Token,0xf0ab0c93be6f41369d302e55db1a96b3c430212d,https://robinhoodchain.blockscout.com/token/0xf0ab0c93be6f41369d302e55db1a96b3c430212d,ok,2026-09-06T06:19:21.114784+00:00,https://api.dexscreener.com/token-pairs/v1/robinhood/0xf0ab0c93be6f41369d302e55db1a96b3c430212d,8,8,False,7,0,1,1,1,12210.27,外部ERC-20候補あり（正の流動性）,決済・ガス系でも公式トークンでもない相手との、流動性USDが正のプールが返った。人手分類の候補であり、ミームコイン分類ではない。
JNJ,Johnson & Johnson • Robinhood Token,0x03dfbbe0ac4e7bcdafd08ed41a400326b77d8c80,https://robinhoodchain.blockscout.com/token/0x03dfbbe0ac4e7bcdafd08ed41a400326b77d8c80,ok,2026-09-06T06:19:22.218506+00:00,https://api.dexscreener.com/token-pairs/v1/robinhood/0x03dfbbe0ac4e7bcdafd08ed41a400326b77d8c80,30,30,True,14,0,16,16,16,346651.49,外部ERC-20候補あり（正の流動性）,決済・ガス系でも公式トークンでもない相手との、流動性USDが正のプールが返った。人手分類の候補であり、ミームコイン分類ではない。
KSS,Kohls Corporation • Robinhood Token,0x12e3c047bf9aecaf9ddc98c05c31bfd1dd043993,https://robinhoodchain.blockscout.com/token/0x12e3c047bf9aecaf9ddc98c05c31bfd1dd043993,ok,2026-09-06T06:19:24.044470+00:00,https://api.dexscreener.com/token-pairs/v1/robinhood/0x12e3c047bf9aecaf9ddc98c05c31bfd1dd043993,6,6,False,4,0,2,2,2,12447.54,外部ERC-20候補あり（正の流動性）,決済・ガス系でも公式トークンでもない相手との、流動性USDが正のプールが返った。人手分類の候補であり、ミームコイン分類ではない。
LHX,L3Harris • Robinhood Token,0x48d60243c66437c6ac3c2495be94747aed5dfe25,https://robinhoodchain.blockscout.com/token/0x48d60243c66437c6ac3c2495be94747aed5dfe25,ok,2026-09-06T06:19:25.161639+00:00,https://api.dexscreener.com/token-pairs/v1/robinhood/0x48d60243c66437c6ac3c2495be94747aed5dfe25,3,3,False,2,0,1,1,1,4234.72,外部ERC-20候補あり（正の流動性）,決済・ガス系でも公式トークンでもない相手との、流動性USDが正のプールが返った。人手分類の候補であり、ミームコイン分類ではない。
LLY,Eli Lilly • Robinhood Token,0x8005d266423c7ea827372c9c864491e5786600ea,https://robinhoodchain.blockscout.com/token/0x8005d266423c7ea827372c9c864491e5786600ea,ok,2026-09-06T06:19:26.891455+00:00,https://api.dexscreener.com/token-pairs/v1/robinhood/0x8005d266423c7ea827372c9c864491e5786600ea,30,30,True,15,0,15,15,14,1188634.66,外部ERC-20候補あり（正の流動性）,決済・ガス系でも公式トークンでもない相手との、流動性USDが正のプールが返った。人手分類の候補であり、ミームコイン分類ではない。
LMT,Lockheed • Robinhood Token,0x329fcaceb9ad6f9580dd5f643fed0646900d043c,https://robinhoodchain.blockscout.com/token/0x329fcaceb9ad6f9580dd5f643fed0646900d043c,ok,2026-09-06T06:19:27.393829+00:00,https://api.dexscreener.com/token-pairs/v1/robinhood/0x329fcaceb9ad6f9580dd5f643fed0646900d043c,22,22,False,11,0,11,11,11,132725.24,外部ERC-20候補あり（正の流動性）,決済・ガス系でも公式トークンでもない相手との、流動性USDが正のプールが返った。人手分類の候補であり、ミームコイン分類ではない。
LULU,Lululemon • Robinhood Token,0x4e62068525ab11fe768e29dfd00ef909b9803016,https://robinhoodchain.blockscout.com/token/0x4e62068525ab11fe768e29dfd00ef909b9803016,ok,2026-09-06T06:19:29.030901+00:00,https://api.dexscreener.com/token-pairs/v1/robinhood/0x4e62068525ab11fe768e29dfd00ef909b9803016,30,30,True,18,0,12,12,12,294779.76,外部ERC-20候補あり（正の流動性）,決済・ガス系でも公式トークンでもない相手との、流動性USDが正のプールが返った。人手分類の候補であり、ミームコイン分類ではない。
LUNR,Intuitive Machines • Robinhood Token,0xa5d4968421ba94814be3b136b15cf422101ac1a3,https://robinhoodchain.blockscout.com/token/0xa5d4968421ba94814be3b136b15cf422101ac1a3,ok,2026-09-06T06:19:29.680166+00:00,https://api.dexscreener.com/token-pairs/v1/robinhood/0xa5d4968421ba94814be3b136b15cf422101ac1a3,6,6,False,3,0,3,3,3,11816.39,外部ERC-20候補あり（正の流動性）,決済・ガス系でも公式トークンでもない相手との、流動性USDが正のプールが返った。人手分類の候補であり、ミームコイン分類ではない。
MDB,MongoDB • Robinhood Token,0xddf2266b79abf0b48898959b0ed6e6adf512be74,https://robinhoodchain.blockscout.com/token/0xddf2266b79abf0b48898959b0ed6e6adf512be74,ok,2026-09-06T06:19:30.294224+00:00,https://api.dexscreener.com/token-pairs/v1/robinhood/0xddf2266b79abf0b48898959b0ed6e6adf512be74,6,6,False,5,0,1,1,1,4469.77,外部ERC-20候補あり（正の流動性）,決済・ガス系でも公式トークンでもない相手との、流動性USDが正のプールが返った。人手分類の候補であり、ミームコイン分類ではない。
META,Meta Platforms • Robinhood Token,0xc0d6457c16cc70d6790dd43521c899c87ce02f35,https://robinhoodchain.blockscout.com/token/0xc0d6457c16cc70d6790dd43521c899c87ce02f35,ok,2026-09-06T06:19:30.962397+00:00,https://api.dexscreener.com/token-pairs/v1/robinhood/0xc0d6457c16cc70d6790dd43521c899c87ce02f35,30,30,True,11,2,17,17,16,182436.3,外部ERC-20候補あり（正の流動性）,決済・ガス系でも公式トークンでもない相手との、流動性USDが正のプールが返った。人手分類の候補であり、ミームコイン分類ではない。
MPWR,Monolithic Power Systems • Robinhood Token,0x52d50d0280ad1054b43f052bd70a49a212a1b128,https://robinhoodchain.blockscout.com/token/0x52d50d0280ad1054b43f052bd70a49a212a1b128,ok,2026-09-06T06:19:32.474033+00:00,https://api.dexscreener.com/token-pairs/v1/robinhood/0x52d50d0280ad1054b43f052bd70a49a212a1b128,4,4,False,3,0,1,1,1,4223.18,外部ERC-20候補あり（正の流動性）,決済・ガス系でも公式トークンでもない相手との、流動性USDが正のプールが返った。人手分類の候補であり、ミームコイン分類ではない。
MRNA,Moderna • Robinhood Token,0x43b07d15ce533bec5476d70c22a78a1b2b662155,https://robinhoodchain.blockscout.com/token/0x43b07d15ce533bec5476d70c22a78a1b2b662155,ok,2026-09-06T06:19:33.012710+00:00,https://api.dexscreener.com/token-pairs/v1/robinhood/0x43b07d15ce533bec5476d70c22a78a1b2b662155,30,30,True,8,0,22,22,22,641944.17,外部ERC-20候補あり（正の流動性）,決済・ガス系でも公式トークンでもない相手との、流動性USDが正のプールが返った。人手分類の候補であり、ミームコイン分類ではない。
MRVL,Marvell Technology • Robinhood Token,0x62fd0668e10d8b72339be2dcf7643001688ff13b,https://robinhoodchain.blockscout.com/token/0x62fd0668e10d8b72339be2dcf7643001688ff13b,ok,2026-09-06T06:19:33.646497+00:00,https://api.dexscreener.com/token-pairs/v1/robinhood/0x62fd0668e10d8b72339be2dcf7643001688ff13b,20,20,False,5,0,15,15,15,117856.22,外部ERC-20候補あり（正の流動性）,決済・ガス系でも公式トークンでもない相手との、流動性USDが正のプールが返った。人手分類の候補であり、ミームコイン分類ではない。
MSFT,Microsoft • Robinhood Token,0xe93237c50d904957cf27e7b1133b510c669c2e74,https://robinhoodchain.blockscout.com/token/0xe93237c50d904957cf27e7b1133b510c669c2e74,ok,2026-09-06T06:19:34.442877+00:00,https://api.dexscreener.com/token-pairs/v1/robinhood/0xe93237c50d904957cf27e7b1133b510c669c2e74,30,30,True,12,2,16,16,15,580612.22,外部ERC-20候補あり（正の流動性）,決済・ガス系でも公式トークンでもない相手との、流動性USDが正のプールが返った。人手分類の候補であり、ミームコイン分類ではない。
MSTR,Strategy Inc. • Robinhood Token,0xec262a75e413fafd0df80480274532c79d42da09,https://robinhoodchain.blockscout.com/token/0xec262a75e413fafd0df80480274532c79d42da09,ok,2026-09-06T06:19:35.005904+00:00,https://api.dexscreener.com/token-pairs/v1/robinhood/0xec262a75e413fafd0df80480274532c79d42da09,30,30,True,20,1,9,9,9,1167953.85,外部ERC-20候補あり（正の流動性）,決済・ガス系でも公式トークンでもない相手との、流動性USDが正のプールが返った。人手分類の候補であり、ミームコイン分類ではない。
MU,Micron Technology • Robinhood Token,0xff080c8ce2e5feadaca0da81314ae59d232d4afd,https://robinhoodchain.blockscout.com/token/0xff080c8ce2e5feadaca0da81314ae59d232d4afd,ok,2026-09-06T06:19:36.142293+00:00,https://api.dexscreener.com/token-pairs/v1/robinhood/0xff080c8ce2e5feadaca0da81314ae59d232d4afd,30,30,True,17,2,11,11,8,2968950.88,外部ERC-20候補あり（正の流動性）,決済・ガス系でも公式トークンでもない相手との、流動性USDが正のプールが返った。人手分類の候補であり、ミームコイン分類ではない。
NBIS,Nebius Group • Robinhood Token,0x9d9c6684f596f66a64c030b93a886d51fd4d7931,https://robinhoodchain.blockscout.com/token/0x9d9c6684f596f66a64c030b93a886d51fd4d7931,ok,2026-09-06T06:19:38.273663+00:00,https://api.dexscreener.com/token-pairs/v1/robinhood/0x9d9c6684f596f66a64c030b93a886d51fd4d7931,10,10,False,8,1,1,1,1,20752.12,外部ERC-20候補あり（正の流動性）,決済・ガス系でも公式トークンでもない相手との、流動性USDが正のプールが返った。人手分類の候補であり、ミームコイン分類ではない。
NET,"Cloudflare, Inc. Class A common stock • Robinhood Token",0x116f00968269b7bfbad4109ce591d6e74c0601d4,https://robinhoodchain.blockscout.com/token/0x116f00968269b7bfbad4109ce591d6e74c0601d4,ok,2026-09-06T06:19:38.832169+00:00,https://api.dexscreener.com/token-pairs/v1/robinhood/0x116f00968269b7bfbad4109ce591d6e74c0601d4,30,30,True,11,0,19,19,17,448386.24,外部ERC-20候補あり（正の流動性）,決済・ガス系でも公式トークンでもない相手との、流動性USDが正のプールが返った。人手分類の候補であり、ミームコイン分類ではない。
NFLX,Netflix • Robinhood Token,0xe0444ef8bf4ed74f74fd73686e2ddf4c1c5591e8,https://robinhoodchain.blockscout.com/token/0xe0444ef8bf4ed74f74fd73686e2ddf4c1c5591e8,ok,2026-09-06T06:19:39.642014+00:00,https://api.dexscreener.com/token-pairs/v1/robinhood/0xe0444ef8bf4ed74f74fd73686e2ddf4c1c5591e8,30,30,True,14,1,15,15,14,566555.5399999999,外部ERC-20候補あり（正の流動性）,決済・ガス系でも公式トークンでもない相手との、流動性USDが正のプールが返った。人手分類の候補であり、ミームコイン分類ではない。
NNE,Nano Nuclear Energy • Robinhood Token,0xbef75684c43c4ea7bd18dd532a2244674ee8b926,https://robinhoodchain.blockscout.com/token/0xbef75684c43c4ea7bd18dd532a2244674ee8b926,ok,2026-09-06T06:19:40.473117+00:00,https://api.dexscreener.com/token-pairs/v1/robinhood/0xbef75684c43c4ea7bd18dd532a2244674ee8b926,25,25,False,16,0,9,8,8,91853.53,外部ERC-20候補あり（正の流動性）,決済・ガス系でも公式トークンでもない相手との、流動性USDが正のプールが返った。人手分類の候補であり、ミームコイン分類ではない。
NOW,ServiceNow • Robinhood Token,0x0c3260af4b8f13a69c4c2dfb84fd667890cdfa14,https://robinhoodchain.blockscout.com/token/0x0c3260af4b8f13a69c4c2dfb84fd667890cdfa14,ok,2026-09-06T06:19:41.213070+00:00,https://api.dexscreener.com/token-pairs/v1/robinhood/0x0c3260af4b8f13a69c4c2dfb84fd667890cdfa14,8,8,False,5,0,3,3,3,14561.28,外部ERC-20候補あり（正の流動性）,決済・ガス系でも公式トークンでもない相手との、流動性USDが正のプールが返った。人手分類の候補であり、ミームコイン分類ではない。
NU,Nu • Robinhood Token,0x408c14038a04f7bd235329e26d2bf569ee20e250,https://robinhoodchain.blockscout.com/token/0x408c14038a04f7bd235329e26d2bf569ee20e250,ok,2026-09-06T06:19:42.060578+00:00,https://api.dexscreener.com/token-pairs/v1/robinhood/0x408c14038a04f7bd235329e26d2bf569ee20e250,17,17,False,8,0,9,8,8,122975.07,外部ERC-20候補あり（正の流動性）,決済・ガス系でも公式トークンでもない相手との、流動性USDが正のプールが返った。人手分類の候補であり、ミームコイン分類ではない。
NVDA,NVIDIA • Robinhood Token,0xd0601ce157db5bdc3162bbac2a2c8af5320d9eec,https://robinhoodchain.blockscout.com/token/0xd0601ce157db5bdc3162bbac2a2c8af5320d9eec,ok,2026-09-06T06:19:42.876046+00:00,https://api.dexscreener.com/token-pairs/v1/robinhood/0xd0601ce157db5bdc3162bbac2a2c8af5320d9eec,30,30,True,29,0,1,1,1,606.35,外部ERC-20候補あり（正の流動性）,決済・ガス系でも公式トークンでもない相手との、流動性USDが正のプールが返った。人手分類の候補であり、ミームコイン分類ではない。
ON,ON Semiconductor • Robinhood Token,0xbbd09f72b025360fee5c928053dca6248d35be54,https://robinhoodchain.blockscout.com/token/0xbbd09f72b025360fee5c928053dca6248d35be54,ok,2026-09-06T06:19:45.048778+00:00,https://api.dexscreener.com/token-pairs/v1/robinhood/0xbbd09f72b025360fee5c928053dca6248d35be54,23,23,False,6,0,17,15,15,114476.65,外部ERC-20候補あり（正の流動性）,決済・ガス系でも公式トークンでもない相手との、流動性USDが正のプールが返った。人手分類の候補であり、ミームコイン分類ではない。
ORCL,Oracle • Robinhood Token,0xb0992820e760d836549ba69bc7598b4af75dee03,https://robinhoodchain.blockscout.com/token/0xb0992820e760d836549ba69bc7598b4af75dee03,ok,2026-09-06T06:19:46.455443+00:00,https://api.dexscreener.com/token-pairs/v1/robinhood/0xb0992820e760d836549ba69bc7598b4af75dee03,26,26,False,7,0,19,17,17,236242.75,外部ERC-20候補あり（正の流動性）,決済・ガス系でも公式トークンでもない相手との、流動性USDが正のプールが返った。人手分類の候補であり、ミームコイン分類ではない。
P,Everpure • Robinhood Token,0x1cdad396db64bda184d5182a97dd9b3c62100b7d,https://robinhoodchain.blockscout.com/token/0x1cdad396db64bda184d5182a97dd9b3c62100b7d,ok,2026-09-06T06:19:48.021396+00:00,https://api.dexscreener.com/token-pairs/v1/robinhood/0x1cdad396db64bda184d5182a97dd9b3c62100b7d,15,15,False,10,0,5,5,5,25729.55,外部ERC-20候補あり（正の流動性）,決済・ガス系でも公式トークンでもない相手との、流動性USDが正のプールが返った。人手分類の候補であり、ミームコイン分類ではない。
PANW,Palo Alto Networks • Robinhood Token,0xb039597ed45cba7b6e2fb9e8be51802969cee5be,https://robinhoodchain.blockscout.com/token/0xb039597ed45cba7b6e2fb9e8be51802969cee5be,ok,2026-09-06T06:19:48.816667+00:00,https://api.dexscreener.com/token-pairs/v1/robinhood/0xb039597ed45cba7b6e2fb9e8be51802969cee5be,5,5,False,4,0,1,1,1,21023.4,外部ERC-20候補あり（正の流動性）,決済・ガス系でも公式トークンでもない相手との、流動性USDが正のプールが返った。人手分類の候補であり、ミームコイン分類ではない。
PENG,Penguin Solutions • Robinhood Token,0x9b23573b156b52565012f5ce02cdf60afbaa70be,https://robinhoodchain.blockscout.com/token/0x9b23573b156b52565012f5ce02cdf60afbaa70be,ok,2026-09-06T06:19:50.313486+00:00,https://api.dexscreener.com/token-pairs/v1/robinhood/0x9b23573b156b52565012f5ce02cdf60afbaa70be,30,30,True,16,1,13,13,13,284080.08,外部ERC-20候補あり（正の流動性）,決済・ガス系でも公式トークンでもない相手との、流動性USDが正のプールが返った。人手分類の候補であり、ミームコイン分類ではない。
PFE,Pfizer • Robinhood Token,0x7066a64c24e4206cd62e83bf198c1e7eb361f51e,https://robinhoodchain.blockscout.com/token/0x7066a64c24e4206cd62e83bf198c1e7eb361f51e,ok,2026-09-06T06:19:51.064239+00:00,https://api.dexscreener.com/token-pairs/v1/robinhood/0x7066a64c24e4206cd62e83bf198c1e7eb361f51e,30,30,True,12,0,18,18,18,438783.48,外部ERC-20候補あり（正の流動性）,決済・ガス系でも公式トークンでもない相手との、流動性USDが正のプールが返った。人手分類の候補であり、ミームコイン分類ではない。
PL,Planet Labs • Robinhood Token,0xaa4d64474c172010ab57719cb9951e6142a100d3,https://robinhoodchain.blockscout.com/token/0xaa4d64474c172010ab57719cb9951e6142a100d3,ok,2026-09-06T06:19:51.718407+00:00,https://api.dexscreener.com/token-pairs/v1/robinhood/0xaa4d64474c172010ab57719cb9951e6142a100d3,5,5,False,4,0,1,1,1,4062.4,外部ERC-20候補あり（正の流動性）,決済・ガス系でも公式トークンでもない相手との、流動性USDが正のプールが返った。人手分類の候補であり、ミームコイン分類ではない。
PLTR,Palantir Technologies • Robinhood Token,0x894e1ec2d74ffe5aef8dc8a9e84686accb964f2a,https://robinhoodchain.blockscout.com/token/0x894e1ec2d74ffe5aef8dc8a9e84686accb964f2a,ok,2026-09-06T06:19:52.459864+00:00,https://api.dexscreener.com/token-pairs/v1/robinhood/0x894e1ec2d74ffe5aef8dc8a9e84686accb964f2a,30,30,True,12,2,16,16,15,726439.98,外部ERC-20候補あり（正の流動性）,決済・ガス系でも公式トークンでもない相手との、流動性USDが正のプールが返った。人手分類の候補であり、ミームコイン分類ではない。
POET,POET Technologies • Robinhood Token,0xcf6b2d875361be807eafa57458c80f28521f9333,https://robinhoodchain.blockscout.com/token/0xcf6b2d875361be807eafa57458c80f28521f9333,ok,2026-09-06T06:19:52.945422+00:00,https://api.dexscreener.com/token-pairs/v1/robinhood/0xcf6b2d875361be807eafa57458c80f28521f9333,15,15,False,10,0,5,5,5,72499.59,外部ERC-20候補あり（正の流動性）,決済・ガス系でも公式トークンでもない相手との、流動性USDが正のプールが返った。人手分類の候補であり、ミームコイン分類ではない。
PWR,Quanta • Robinhood Token,0x9ab02ead789b6903c3c44d0ed32f9c707cdf12fd,https://robinhoodchain.blockscout.com/token/0x9ab02ead789b6903c3c44d0ed32f9c707cdf12fd,ok,2026-09-06T06:19:55.095534+00:00,https://api.dexscreener.com/token-pairs/v1/robinhood/0x9ab02ead789b6903c3c44d0ed32f9c707cdf12fd,2,2,False,1,0,1,1,1,4293.2,外部ERC-20候補あり（正の流動性）,決済・ガス系でも公式トークンでもない相手との、流動性USDが正のプールが返った。人手分類の候補であり、ミームコイン分類ではない。
QUBT,Quantum Computing • Robinhood Token,0x59818904ab4ce163b3ce4ffb64f2d6ca02c434b4,https://robinhoodchain.blockscout.com/token/0x59818904ab4ce163b3ce4ffb64f2d6ca02c434b4,ok,2026-09-06T06:19:57.459118+00:00,https://api.dexscreener.com/token-pairs/v1/robinhood/0x59818904ab4ce163b3ce4ffb64f2d6ca02c434b4,30,30,True,14,0,16,16,16,424965.12,外部ERC-20候補あり（正の流動性）,決済・ガス系でも公式トークンでもない相手との、流動性USDが正のプールが返った。人手分類の候補であり、ミームコイン分類ではない。
RBLX,Roblox • Robinhood Token,0xf0c4bf4c582cb3836e98394b1d4e7b7281101be8,https://robinhoodchain.blockscout.com/token/0xf0c4bf4c582cb3836e98394b1d4e7b7281101be8,ok,2026-09-06T06:19:58.013138+00:00,https://api.dexscreener.com/token-pairs/v1/robinhood/0xf0c4bf4c582cb3836e98394b1d4e7b7281101be8,30,30,True,9,0,21,21,21,361301.5,外部ERC-20候補あり（正の流動性）,決済・ガス系でも公式トークンでもない相手との、流動性USDが正のプールが返った。人手分類の候補であり、ミームコイン分類ではない。
RCAT,Red Cat • Robinhood Token,0xfde6b5d9bb419b10c23268c74e369abff39c0460,https://robinhoodchain.blockscout.com/token/0xfde6b5d9bb419b10c23268c74e369abff39c0460,ok,2026-09-06T06:19:58.583475+00:00,https://api.dexscreener.com/token-pairs/v1/robinhood/0xfde6b5d9bb419b10c23268c74e369abff39c0460,30,30,True,12,0,18,18,18,206094.5,外部ERC-20候補あり（正の流動性）,決済・ガス系でも公式トークンでもない相手との、流動性USDが正のプールが返った。人手分類の候補であり、ミームコイン分類ではない。
RDDT,Reddit • Robinhood Token,0x05b37fb53a299a1b874a619e1c4c404d52c36f4c,https://robinhoodchain.blockscout.com/token/0x05b37fb53a299a1b874a619e1c4c404d52c36f4c,ok,2026-09-06T06:19:59.083087+00:00,https://api.dexscreener.com/token-pairs/v1/robinhood/0x05b37fb53a299a1b874a619e1c4c404d52c36f4c,30,30,True,22,1,7,7,7,369998.64,外部ERC-20候補あり（正の流動性）,決済・ガス系でも公式トークンでもない相手との、流動性USDが正のプールが返った。人手分類の候補であり、ミームコイン分類ではない。
RIVN,Rivian Automotive • Robinhood Token,0xb1bf26c1d20ff267a4f93550d1e0d06ac40a114b,https://robinhoodchain.blockscout.com/token/0xb1bf26c1d20ff267a4f93550d1e0d06ac40a114b,ok,2026-09-06T06:20:01.479682+00:00,https://api.dexscreener.com/token-pairs/v1/robinhood/0xb1bf26c1d20ff267a4f93550d1e0d06ac40a114b,30,30,True,17,0,13,13,13,402483.0,外部ERC-20候補あり（正の流動性）,決済・ガス系でも公式トークンでもない相手との、流動性USDが正のプールが返った。人手分類の候補であり、ミームコイン分類ではない。
RKLB,Rocket Lab Corporation • Robinhood Token,0x3b14c39e89d60d627b42a1a4ca45b5bb45fc12e2,https://robinhoodchain.blockscout.com/token/0x3b14c39e89d60d627b42a1a4ca45b5bb45fc12e2,ok,2026-09-06T06:20:02.280731+00:00,https://api.dexscreener.com/token-pairs/v1/robinhood/0x3b14c39e89d60d627b42a1a4ca45b5bb45fc12e2,15,15,False,9,0,6,5,5,49373.36,外部ERC-20候補あり（正の流動性）,決済・ガス系でも公式トークンでもない相手との、流動性USDが正のプールが返った。人手分類の候補であり、ミームコイン分類ではない。
RUN,Sunrun • Robinhood Token,0x756bc80af765c82da966a788858d65adf14f3793,https://robinhoodchain.blockscout.com/token/0x756bc80af765c82da966a788858d65adf14f3793,ok,2026-09-06T06:20:03.225696+00:00,https://api.dexscreener.com/token-pairs/v1/robinhood/0x756bc80af765c82da966a788858d65adf14f3793,20,20,False,11,0,9,9,9,98304.55,外部ERC-20候補あり（正の流動性）,決済・ガス系でも公式トークンでもない相手との、流動性USDが正のプールが返った。人手分類の候補であり、ミームコイン分類ではない。
SHOP,Shopify • Robinhood Token,0xf53f66751b1eff985311b693531e3290f600c410,https://robinhoodchain.blockscout.com/token/0xf53f66751b1eff985311b693531e3290f600c410,ok,2026-09-06T06:20:03.825738+00:00,https://api.dexscreener.com/token-pairs/v1/robinhood/0xf53f66751b1eff985311b693531e3290f600c410,30,30,True,11,0,19,19,19,268930.57,外部ERC-20候補あり（正の流動性）,決済・ガス系でも公式トークンでもない相手との、流動性USDが正のプールが返った。人手分類の候補であり、ミームコイン分類ではない。
SIMO,Silicon Motion • Robinhood Token,0x77e655e37f4d913fb9540e0d541d824171a60e81,https://robinhoodchain.blockscout.com/token/0x77e655e37f4d913fb9540e0d541d824171a60e81,ok,2026-09-06T06:20:04.409752+00:00,https://api.dexscreener.com/token-pairs/v1/robinhood/0x77e655e37f4d913fb9540e0d541d824171a60e81,2,2,False,1,0,1,1,1,4989.57,外部ERC-20候補あり（正の流動性）,決済・ガス系でも公式トークンでもない相手との、流動性USDが正のプールが返った。人手分類の候補であり、ミームコイン分類ではない。
SKHY,SK hynix Inc. American Depositary Shares • Robinhood Token,0x84cab63bc87912e71ad199ff14a0ba45de68fef8,https://robinhoodchain.blockscout.com/token/0x84cab63bc87912e71ad199ff14a0ba45de68fef8,ok,2026-09-06T06:20:04.904459+00:00,https://api.dexscreener.com/token-pairs/v1/robinhood/0x84cab63bc87912e71ad199ff14a0ba45de68fef8,30,30,True,6,0,24,24,23,457896.8,外部ERC-20候補あり（正の流動性）,決済・ガス系でも公式トークンでもない相手との、流動性USDが正のプールが返った。人手分類の候補であり、ミームコイン分類ではない。
SMCI,Super Micro Computer • Robinhood Token,0xc01aa1fecec0605b13bc84874ff7256c0f5f562a,https://robinhoodchain.blockscout.com/token/0xc01aa1fecec0605b13bc84874ff7256c0f5f562a,ok,2026-09-06T06:20:06.080259+00:00,https://api.dexscreener.com/token-pairs/v1/robinhood/0xc01aa1fecec0605b13bc84874ff7256c0f5f562a,8,8,False,6,0,2,2,2,9361.46,外部ERC-20候補あり（正の流動性）,決済・ガス系でも公式トークンでもない相手との、流動性USDが正のプールが返った。人手分類の候補であり、ミームコイン分類ではない。
SMR,NuScale Power • Robinhood Token,0x1eebee7f74517e0279dfb09d25b0407beec3fdd6,https://robinhoodchain.blockscout.com/token/0x1eebee7f74517e0279dfb09d25b0407beec3fdd6,ok,2026-09-06T06:20:06.895082+00:00,https://api.dexscreener.com/token-pairs/v1/robinhood/0x1eebee7f74517e0279dfb09d25b0407beec3fdd6,8,8,False,6,0,2,2,2,16097.46,外部ERC-20候補あり（正の流動性）,決済・ガス系でも公式トークンでもない相手との、流動性USDが正のプールが返った。人手分類の候補であり、ミームコイン分類ではない。
SNAP,Snap • Robinhood Token,0xf6589f11bc40b669e584073f428b05562f568733,https://robinhoodchain.blockscout.com/token/0xf6589f11bc40b669e584073f428b05562f568733,ok,2026-09-06T06:20:07.577878+00:00,https://api.dexscreener.com/token-pairs/v1/robinhood/0xf6589f11bc40b669e584073f428b05562f568733,30,30,True,24,0,6,6,6,680361.22,外部ERC-20候補あり（正の流動性）,決済・ガス系でも公式トークンでもない相手との、流動性USDが正のプールが返った。人手分類の候補であり、ミームコイン分類ではない。
SNDK,Sandisk Corporation • Robinhood Token,0xb90a19ff0af67f7779aff50a882a9cff42446400,https://robinhoodchain.blockscout.com/token/0xb90a19ff0af67f7779aff50a882a9cff42446400,ok,2026-09-06T06:20:08.149298+00:00,https://api.dexscreener.com/token-pairs/v1/robinhood/0xb90a19ff0af67f7779aff50a882a9cff42446400,30,30,True,19,1,10,10,9,443057.14999999997,外部ERC-20候補あり（正の流動性）,決済・ガス系でも公式トークンでもない相手との、流動性USDが正のプールが返った。人手分類の候補であり、ミームコイン分類ではない。
SNOW,Snowflake • Robinhood Token,0xba0cab75495255d0cb58e22b648bfed4ecd1f47e,https://robinhoodchain.blockscout.com/token/0xba0cab75495255d0cb58e22b648bfed4ecd1f47e,ok,2026-09-06T06:20:08.648016+00:00,https://api.dexscreener.com/token-pairs/v1/robinhood/0xba0cab75495255d0cb58e22b648bfed4ecd1f47e,30,30,True,11,0,19,19,19,385905.94,外部ERC-20候補あり（正の流動性）,決済・ガス系でも公式トークンでもない相手との、流動性USDが正のプールが返った。人手分類の候補であり、ミームコイン分類ではない。
SOFI,SoFi Technologies • Robinhood Token,0x98e75885157c80992a8d41b696d8c9c6fb30a926,https://robinhoodchain.blockscout.com/token/0x98e75885157c80992a8d41b696d8c9c6fb30a926,ok,2026-09-06T06:20:09.190024+00:00,https://api.dexscreener.com/token-pairs/v1/robinhood/0x98e75885157c80992a8d41b696d8c9c6fb30a926,10,10,False,7,0,3,3,3,81021.03,外部ERC-20候補あり（正の流動性）,決済・ガス系でも公式トークンでもない相手との、流動性USDが正のプールが返った。人手分類の候補であり、ミームコイン分類ではない。
SOUN,SoundHound AI • Robinhood Token,0x6e3dfd9f7e1649baa14d25cac18c94d62db10a54,https://robinhoodchain.blockscout.com/token/0x6e3dfd9f7e1649baa14d25cac18c94d62db10a54,ok,2026-09-06T06:20:09.765906+00:00,https://api.dexscreener.com/token-pairs/v1/robinhood/0x6e3dfd9f7e1649baa14d25cac18c94d62db10a54,10,10,False,6,0,4,4,4,57749.65,外部ERC-20候補あり（正の流動性）,決済・ガス系でも公式トークンでもない相手との、流動性USDが正のプールが返った。人手分類の候補であり、ミームコイン分類ではない。
TE,T1 Energy • Robinhood Token,0xb1969f6604ca1ae7a2cd3f1827876e914594ca2d,https://robinhoodchain.blockscout.com/token/0xb1969f6604ca1ae7a2cd3f1827876e914594ca2d,ok,2026-09-06T06:20:10.885968+00:00,https://api.dexscreener.com/token-pairs/v1/robinhood/0xb1969f6604ca1ae7a2cd3f1827876e914594ca2d,6,6,False,4,0,2,2,2,24096.760000000002,外部ERC-20候補あり（正の流動性）,決済・ガス系でも公式トークンでもない相手との、流動性USDが正のプールが返った。人手分類の候補であり、ミームコイン分類ではない。
TER,Teradyne • Robinhood Token,0x2778c5024d5ca2cdb0f8ead671ffc69963adcd9c,https://robinhoodchain.blockscout.com/token/0x2778c5024d5ca2cdb0f8ead671ffc69963adcd9c,ok,2026-09-06T06:20:13.306231+00:00,https://api.dexscreener.com/token-pairs/v1/robinhood/0x2778c5024d5ca2cdb0f8ead671ffc69963adcd9c,8,8,False,6,0,2,2,2,8241.43,外部ERC-20候補あり（正の流動性）,決済・ガス系でも公式トークンでもない相手との、流動性USDが正のプールが返った。人手分類の候補であり、ミームコイン分類ではない。
TSLA,Tesla • Robinhood Token,0x322f0929c4625ed5bad873c95208d54e1c003b2d,https://robinhoodchain.blockscout.com/token/0x322f0929c4625ed5bad873c95208d54e1c003b2d,ok,2026-09-06T06:20:14.763004+00:00,https://api.dexscreener.com/token-pairs/v1/robinhood/0x322f0929c4625ed5bad873c95208d54e1c003b2d,30,30,True,28,1,1,1,1,4.35,外部ERC-20候補あり（正の流動性）,決済・ガス系でも公式トークンでもない相手との、流動性USDが正のプールが返った。人手分類の候補であり、ミームコイン分類ではない。
TSM,Taiwan Semiconductor Manufacturing • Robinhood Token,0x58ffe4a942d3885baa22d7520691f611ef09e7aa,https://robinhoodchain.blockscout.com/token/0x58ffe4a942d3885baa22d7520691f611ef09e7aa,ok,2026-09-06T06:20:15.476079+00:00,https://api.dexscreener.com/token-pairs/v1/robinhood/0x58ffe4a942d3885baa22d7520691f611ef09e7aa,30,30,True,12,2,16,16,15,877204.04,外部ERC-20候補あり（正の流動性）,決済・ガス系でも公式トークンでもない相手との、流動性USDが正のプールが返った。人手分類の候補であり、ミームコイン分類ではない。
TTWO,Take-Two Interactive Software • Robinhood Token,0x5e81213613b6b86eab4c6c50d718d34359459786,https://robinhoodchain.blockscout.com/token/0x5e81213613b6b86eab4c6c50d718d34359459786,ok,2026-09-06T06:20:16.854792+00:00,https://api.dexscreener.com/token-pairs/v1/robinhood/0x5e81213613b6b86eab4c6c50d718d34359459786,30,30,True,21,0,9,9,9,432124.66,外部ERC-20候補あり（正の流動性）,決済・ガス系でも公式トークンでもない相手との、流動性USDが正のプールが返った。人手分類の候補であり、ミームコイン分類ではない。
UNH,UnitedHealth • Robinhood Token,0xcf364ea52787e289de6f32077834056e3e70d6a8,https://robinhoodchain.blockscout.com/token/0xcf364ea52787e289de6f32077834056e3e70d6a8,ok,2026-09-06T06:20:17.976175+00:00,https://api.dexscreener.com/token-pairs/v1/robinhood/0xcf364ea52787e289de6f32077834056e3e70d6a8,5,5,False,3,0,2,2,2,53442.51,外部ERC-20候補あり（正の流動性）,決済・ガス系でも公式トークンでもない相手との、流動性USDが正のプールが返った。人手分類の候補であり、ミームコイン分類ではない。
UPS,UPS • Robinhood Token,0xf23250dac154d05bb671cb0d0ebef3c635c79ce2,https://robinhoodchain.blockscout.com/token/0xf23250dac154d05bb671cb0d0ebef3c635c79ce2,ok,2026-09-06T06:20:18.514194+00:00,https://api.dexscreener.com/token-pairs/v1/robinhood/0xf23250dac154d05bb671cb0d0ebef3c635c79ce2,30,30,True,8,0,22,22,22,419046.96,外部ERC-20候補あり（正の流動性）,決済・ガス系でも公式トークンでもない相手との、流動性USDが正のプールが返った。人手分類の候補であり、ミームコイン分類ではない。
USAR,USA Rare Earth • Robinhood Token,0xd917b029c761d264c6a312bbbcda868658ef86a6,https://robinhoodchain.blockscout.com/token/0xd917b029c761d264c6a312bbbcda868658ef86a6,ok,2026-09-06T06:20:19.332358+00:00,https://api.dexscreener.com/token-pairs/v1/robinhood/0xd917b029c761d264c6a312bbbcda868658ef86a6,30,30,True,8,0,22,22,22,678722.33,外部ERC-20候補あり（正の流動性）,決済・ガス系でも公式トークンでもない相手との、流動性USDが正のプールが返った。人手分類の候補であり、ミームコイン分類ではない。
VST,Vistra • Robinhood Token,0x561e2a49212b7ccf47f2744ccb83e200722fadbc,https://robinhoodchain.blockscout.com/token/0x561e2a49212b7ccf47f2744ccb83e200722fadbc,ok,2026-09-06T06:20:22.160904+00:00,https://api.dexscreener.com/token-pairs/v1/robinhood/0x561e2a49212b7ccf47f2744ccb83e200722fadbc,4,4,False,3,0,1,1,1,19950.63,外部ERC-20候補あり（正の流動性）,決済・ガス系でも公式トークンでもない相手との、流動性USDが正のプールが返った。人手分類の候補であり、ミームコイン分類ではない。
WDAY,Workday • Robinhood Token,0x82da4646242e1d962e96e932269dc644c94a9caa,https://robinhoodchain.blockscout.com/token/0x82da4646242e1d962e96e932269dc644c94a9caa,ok,2026-09-06T06:20:22.736294+00:00,https://api.dexscreener.com/token-pairs/v1/robinhood/0x82da4646242e1d962e96e932269dc644c94a9caa,22,22,False,12,0,10,8,8,84938.98,外部ERC-20候補あり（正の流動性）,決済・ガス系でも公式トークンでもない相手との、流動性USDが正のプールが返った。人手分類の候補であり、ミームコイン分類ではない。
WULF,TeraWulf • Robinhood Token,0x348be1a8663f15edde5cdf8a96bb69078f7ab6fd,https://robinhoodchain.blockscout.com/token/0x348be1a8663f15edde5cdf8a96bb69078f7ab6fd,ok,2026-09-06T06:20:23.815219+00:00,https://api.dexscreener.com/token-pairs/v1/robinhood/0x348be1a8663f15edde5cdf8a96bb69078f7ab6fd,7,7,False,3,0,4,4,4,15151.740000000002,外部ERC-20候補あり（正の流動性）,決済・ガス系でも公式トークンでもない相手との、流動性USDが正のプールが返った。人手分類の候補であり、ミームコイン分類ではない。
WYFI,"WhiteFiber, Inc. • Robinhood Token",0x9e7abd3c9139d14e4c86dce0e455aab7a0c2fb3e,https://robinhoodchain.blockscout.com/token/0x9e7abd3c9139d14e4c86dce0e455aab7a0c2fb3e,ok,2026-09-06T06:20:24.307365+00:00,https://api.dexscreener.com/token-pairs/v1/robinhood/0x9e7abd3c9139d14e4c86dce0e455aab7a0c2fb3e,21,21,False,14,0,7,7,7,877120.73,外部ERC-20候補あり（正の流動性）,決済・ガス系でも公式トークンでもない相手との、流動性USDが正のプールが返った。人手分類の候補であり、ミームコイン分類ではない。
XOM,ExxonMobil Holdings Corporation • Robinhood Token,0xf9b46d3d1b22199d4d1025a9cedb540a33f1a2d5,https://robinhoodchain.blockscout.com/token/0xf9b46d3d1b22199d4d1025a9cedb540a33f1a2d5,ok,2026-09-06T06:20:25.478945+00:00,https://api.dexscreener.com/token-pairs/v1/robinhood/0xf9b46d3d1b22199d4d1025a9cedb540a33f1a2d5,16,16,False,11,0,5,4,4,55006.27,外部ERC-20候補あり（正の流動性）,決済・ガス系でも公式トークンでもない相手との、流動性USDが正のプールが返った。人手分類の候補であり、ミームコイン分類ではない。
ZM,Zoom • Robinhood Token,0x44c4f142009036cf477ed2d09932051843137cf1,https://robinhoodchain.blockscout.com/token/0x44c4f142009036cf477ed2d09932051843137cf1,ok,2026-09-06T06:20:26.113208+00:00,https://api.dexscreener.com/token-pairs/v1/robinhood/0x44c4f142009036cf477ed2d09932051843137cf1,18,18,False,4,0,14,14,14,146329.00999999998,外部ERC-20候補あり（正の流動性）,決済・ガス系でも公式トークンでもない相手との、流動性USDが正のプールが返った。人手分類の候補であり、ミームコイン分類ではない。
AEHR,Aehr • Robinhood Token,0x5f604fba1162193a4388a5dfa56f556f3e133cc2,https://robinhoodchain.blockscout.com/token/0x5f604fba1162193a4388a5dfa56f556f3e133cc2,ok,2026-09-06T06:18:32.313031+00:00,https://api.dexscreener.com/token-pairs/v1/robinhood/0x5f604fba1162193a4388a5dfa56f556f3e133cc2,4,4,False,4,0,0,0,0,0.0,外部ERC-20候補はAPI返却範囲で非観測,今回のAPI返却は30件未満で、外部ERC-20行は含まれなかった。オンチェーン上の非存在を意味しない。
AEIS,Advanced Energy • Robinhood Token,0xfaf9cb261b5fcc1f404bb10cd39c5c6c1974e612,https://robinhoodchain.blockscout.com/token/0xfaf9cb261b5fcc1f404bb10cd39c5c6c1974e612,ok,2026-09-06T06:18:33.101331+00:00,https://api.dexscreener.com/token-pairs/v1/robinhood/0xfaf9cb261b5fcc1f404bb10cd39c5c6c1974e612,0,0,False,0,0,0,0,0,0.0,外部ERC-20候補はAPI返却範囲で非観測,今回のAPI返却は30件未満で、外部ERC-20行は含まれなかった。オンチェーン上の非存在を意味しない。
ALAB,"Astera Labs, Inc. • Robinhood Token",0x748c32c3ca24edf31ea597db1f3d330a7a6da3dc,https://robinhoodchain.blockscout.com/token/0x748c32c3ca24edf31ea597db1f3d330a7a6da3dc,ok,2026-09-06T06:18:33.678656+00:00,https://api.dexscreener.com/token-pairs/v1/robinhood/0x748c32c3ca24edf31ea597db1f3d330a7a6da3dc,8,8,False,8,0,0,0,0,0.0,外部ERC-20候補はAPI返却範囲で非観測,今回のAPI返却は30件未満で、外部ERC-20行は含まれなかった。オンチェーン上の非存在を意味しない。
AMAT,Applied Materials • Robinhood Token,0x36046893810a7e7fce501229d57dc3fc8c8716d0,https://robinhoodchain.blockscout.com/token/0x36046893810a7e7fce501229d57dc3fc8c8716d0,ok,2026-09-06T06:18:34.436339+00:00,https://api.dexscreener.com/token-pairs/v1/robinhood/0x36046893810a7e7fce501229d57dc3fc8c8716d0,4,4,False,4,0,0,0,0,0.0,外部ERC-20候補はAPI返却範囲で非観測,今回のAPI返却は30件未満で、外部ERC-20行は含まれなかった。オンチェーン上の非存在を意味しない。
AMKR,Amkor Technology • Robinhood Token,0xdd356aa38f40a7b7076755ac854b6fbb1f0d305b,https://robinhoodchain.blockscout.com/token/0xdd356aa38f40a7b7076755ac854b6fbb1f0d305b,ok,2026-09-06T06:18:36.737130+00:00,https://api.dexscreener.com/token-pairs/v1/robinhood/0xdd356aa38f40a7b7076755ac854b6fbb1f0d305b,2,2,False,2,0,0,0,0,0.0,外部ERC-20候補はAPI返却範囲で非観測,今回のAPI返却は30件未満で、外部ERC-20行は含まれなかった。オンチェーン上の非存在を意味しない。
ANET,Arista • Robinhood Token,0x28babd556b60e53663b8615036479a29c2cdd1bf,https://robinhoodchain.blockscout.com/token/0x28babd556b60e53663b8615036479a29c2cdd1bf,ok,2026-09-06T06:18:37.883102+00:00,https://api.dexscreener.com/token-pairs/v1/robinhood/0x28babd556b60e53663b8615036479a29c2cdd1bf,5,5,False,5,0,0,0,0,0.0,外部ERC-20候補はAPI返却範囲で非観測,今回のAPI返却は30件未満で、外部ERC-20行は含まれなかった。オンチェーン上の非存在を意味しない。
APLD,Applied Digital • Robinhood Token,0xb8dbf92f9741c9ac1c32115e78581f23509916fd,https://robinhoodchain.blockscout.com/token/0xb8dbf92f9741c9ac1c32115e78581f23509916fd,ok,2026-09-06T06:18:38.445858+00:00,https://api.dexscreener.com/token-pairs/v1/robinhood/0xb8dbf92f9741c9ac1c32115e78581f23509916fd,4,4,False,4,0,0,0,0,0.0,外部ERC-20候補はAPI返却範囲で非観測,今回のAPI返却は30件未満で、外部ERC-20行は含まれなかった。オンチェーン上の非存在を意味しない。
AUR,Aurora Innovation • Robinhood Token,0x373c06c4f7bde527d7dae4ba169e42b55e393ced,https://robinhoodchain.blockscout.com/token/0x373c06c4f7bde527d7dae4ba169e42b55e393ced,ok,2026-09-06T06:18:40.993444+00:00,https://api.dexscreener.com/token-pairs/v1/robinhood/0x373c06c4f7bde527d7dae4ba169e42b55e393ced,2,2,False,2,0,0,0,0,0.0,外部ERC-20候補はAPI返却範囲で非観測,今回のAPI返却は30件未満で、外部ERC-20行は含まれなかった。オンチェーン上の非存在を意味しない。
AVAV,AeroVironment • Robinhood Token,0xf6290b5e7c26502e2da514c31509849718ea76a5,https://robinhoodchain.blockscout.com/token/0xf6290b5e7c26502e2da514c31509849718ea76a5,ok,2026-09-06T06:18:41.771826+00:00,https://api.dexscreener.com/token-pairs/v1/robinhood/0xf6290b5e7c26502e2da514c31509849718ea76a5,0,0,False,0,0,0,0,0,0.0,外部ERC-20候補はAPI返却範囲で非観測,今回のAPI返却は30件未満で、外部ERC-20行は含まれなかった。オンチェーン上の非存在を意味しない。
CLS,Celestica • Robinhood Token,0xbf449977089c718c004a66c554b26b94ef3ad4de,https://robinhoodchain.blockscout.com/token/0xbf449977089c718c004a66c554b26b94ef3ad4de,ok,2026-09-06T06:18:52.453042+00:00,https://api.dexscreener.com/token-pairs/v1/robinhood/0xbf449977089c718c004a66c554b26b94ef3ad4de,2,2,False,2,0,0,0,0,0.0,外部ERC-20候補はAPI返却範囲で非観測,今回のAPI返却は30件未満で、外部ERC-20行は含まれなかった。オンチェーン上の非存在を意味しない。
COHR,Coherent • Robinhood Token,0x92f9f459f1a9a5ad266b182be7bffd1c6c666894,https://robinhoodchain.blockscout.com/token/0x92f9f459f1a9a5ad266b182be7bffd1c6c666894,ok,2026-09-06T06:18:54.362731+00:00,https://api.dexscreener.com/token-pairs/v1/robinhood/0x92f9f459f1a9a5ad266b182be7bffd1c6c666894,0,0,False,0,0,0,0,0,0.0,外部ERC-20候補はAPI返却範囲で非観測,今回のAPI返却は30件未満で、外部ERC-20行は含まれなかった。オンチェーン上の非存在を意味しない。
CRDO,Credo Technology Group • Robinhood Token,0x4d67253bc223e6b0e104f1084c1fb2b669ddc41b,https://robinhoodchain.blockscout.com/token/0x4d67253bc223e6b0e104f1084c1fb2b669ddc41b,ok,2026-09-06T06:18:56.651103+00:00,https://api.dexscreener.com/token-pairs/v1/robinhood/0x4d67253bc223e6b0e104f1084c1fb2b669ddc41b,0,0,False,0,0,0,0,0,0.0,外部ERC-20候補はAPI返却範囲で非観測,今回のAPI返却は30件未満で、外部ERC-20行は含まれなかった。オンチェーン上の非存在を意味しない。
CTSH,Cognizant • Robinhood Token,0x63d5a3b6939a33f1e75d8bcd85759858239600db,https://robinhoodchain.blockscout.com/token/0x63d5a3b6939a33f1e75d8bcd85759858239600db,ok,2026-09-06T06:18:59.637955+00:00,https://api.dexscreener.com/token-pairs/v1/robinhood/0x63d5a3b6939a33f1e75d8bcd85759858239600db,0,0,False,0,0,0,0,0,0.0,外部ERC-20候補はAPI返却範囲で非観測,今回のAPI返却は30件未満で、外部ERC-20行は含まれなかった。オンチェーン上の非存在を意味しない。
FICO,Fair Isaac • Robinhood Token,0xa48f22a46c0f1c46ca7d111cb6c137c271987180,https://robinhoodchain.blockscout.com/token/0xa48f22a46c0f1c46ca7d111cb6c137c271987180,ok,2026-09-06T06:19:04.033836+00:00,https://api.dexscreener.com/token-pairs/v1/robinhood/0xa48f22a46c0f1c46ca7d111cb6c137c271987180,2,2,False,2,0,0,0,0,0.0,外部ERC-20候補はAPI返却範囲で非観測,今回のAPI返却は30件未満で、外部ERC-20行は含まれなかった。オンチェーン上の非存在を意味しない。
FISV,Fiserv • Robinhood Token,0x9ece29a4a2397c0a35fb5fa8ee2b9509130a98cc,https://robinhoodchain.blockscout.com/token/0x9ece29a4a2397c0a35fb5fa8ee2b9509130a98cc,ok,2026-09-06T06:19:05.251318+00:00,https://api.dexscreener.com/token-pairs/v1/robinhood/0x9ece29a4a2397c0a35fb5fa8ee2b9509130a98cc,1,1,False,1,0,0,0,0,0.0,外部ERC-20候補はAPI返却範囲で非観測,今回のAPI返却は30件未満で、外部ERC-20行は含まれなかった。オンチェーン上の非存在を意味しない。
GEV,GE Vernova • Robinhood Token,0x94b8aae43a1ccc08aa64b7d1f29b4d920af4a0c9,https://robinhoodchain.blockscout.com/token/0x94b8aae43a1ccc08aa64b7d1f29b4d920af4a0c9,ok,2026-09-06T06:19:10.453930+00:00,https://api.dexscreener.com/token-pairs/v1/robinhood/0x94b8aae43a1ccc08aa64b7d1f29b4d920af4a0c9,5,5,False,5,0,0,0,0,0.0,外部ERC-20候補はAPI返却範囲で非観測,今回のAPI返却は30件未満で、外部ERC-20行は含まれなかった。オンチェーン上の非存在を意味しない。
GLW,Corning • Robinhood Token,0x7c04e6a3368f2a1de3874f0e80d2e0a1a9915da6,https://robinhoodchain.blockscout.com/token/0x7c04e6a3368f2a1de3874f0e80d2e0a1a9915da6,ok,2026-09-06T06:19:11.324627+00:00,https://api.dexscreener.com/token-pairs/v1/robinhood/0x7c04e6a3368f2a1de3874f0e80d2e0a1a9915da6,3,3,False,3,0,0,0,0,0.0,外部ERC-20候補はAPI返却範囲で非観測,今回のAPI返却は30件未満で、外部ERC-20行は含まれなかった。オンチェーン上の非存在を意味しない。
HWM,Howmet Aerospace • Robinhood Token,0xaea445c5f3db1a462998ccc422a875a361ee5d99,https://robinhoodchain.blockscout.com/token/0xaea445c5f3db1a462998ccc422a875a361ee5d99,ok,2026-09-06T06:19:15.575290+00:00,https://api.dexscreener.com/token-pairs/v1/robinhood/0xaea445c5f3db1a462998ccc422a875a361ee5d99,1,1,False,1,0,0,0,0,0.0,外部ERC-20候補はAPI返却範囲で非観測,今回のAPI返却は30件未満で、外部ERC-20行は含まれなかった。オンチェーン上の非存在を意味しない。
INFQ,Infleqtion • Robinhood Token,0xb853bc83a753342a4f8320ea680b4b1e84118d21,https://robinhoodchain.blockscout.com/token/0xb853bc83a753342a4f8320ea680b4b1e84118d21,ok,2026-09-06T06:19:17.797118+00:00,https://api.dexscreener.com/token-pairs/v1/robinhood/0xb853bc83a753342a4f8320ea680b4b1e84118d21,6,6,False,6,0,0,0,0,0.0,外部ERC-20候補はAPI返却範囲で非観測,今回のAPI返却は30件未満で、外部ERC-20行は含まれなかった。オンチェーン上の非存在を意味しない。
INOD,Innodata • Robinhood Token,0xf1953dab6fad537488d5a022361ffaa8b4c95ec6,https://robinhoodchain.blockscout.com/token/0xf1953dab6fad537488d5a022361ffaa8b4c95ec6,ok,2026-09-06T06:19:18.367111+00:00,https://api.dexscreener.com/token-pairs/v1/robinhood/0xf1953dab6fad537488d5a022361ffaa8b4c95ec6,1,1,False,1,0,0,0,0,0.0,外部ERC-20候補はAPI返却範囲で非観測,今回のAPI返却は30件未満で、外部ERC-20行は含まれなかった。オンチェーン上の非存在を意味しない。
INTU,Intuit • Robinhood Token,0x56d23bee5f41a7120170b0c603dae30128e460e9,https://robinhoodchain.blockscout.com/token/0x56d23bee5f41a7120170b0c603dae30128e460e9,ok,2026-09-06T06:19:19.712217+00:00,https://api.dexscreener.com/token-pairs/v1/robinhood/0x56d23bee5f41a7120170b0c603dae30128e460e9,1,1,False,1,0,0,0,0,0.0,外部ERC-20候補はAPI返却範囲で非観測,今回のAPI返却は30件未満で、外部ERC-20行は含まれなかった。オンチェーン上の非存在を意味しない。
JBL,Jabil Inc. • Robinhood Token,0xeaf2512dfc1beac608f8794b3793cd4e02894aa6,https://robinhoodchain.blockscout.com/token/0xeaf2512dfc1beac608f8794b3793cd4e02894aa6,ok,2026-09-06T06:19:21.681089+00:00,https://api.dexscreener.com/token-pairs/v1/robinhood/0xeaf2512dfc1beac608f8794b3793cd4e02894aa6,4,4,False,4,0,0,0,0,0.0,外部ERC-20候補はAPI返却範囲で非観測,今回のAPI返却は30件未満で、外部ERC-20行は含まれなかった。オンチェーン上の非存在を意味しない。
JOBY,Joby Aviation • Robinhood Token,0xb334c5ce741b80b5b671f47f5c269cb193fe8e24,https://robinhoodchain.blockscout.com/token/0xb334c5ce741b80b5b671f47f5c269cb193fe8e24,ok,2026-09-06T06:19:22.862611+00:00,https://api.dexscreener.com/token-pairs/v1/robinhood/0xb334c5ce741b80b5b671f47f5c269cb193fe8e24,1,1,False,1,0,0,0,0,0.0,外部ERC-20候補はAPI返却範囲で非観測,今回のAPI返却は30件未満で、外部ERC-20行は含まれなかった。オンチェーン上の非存在を意味しない。
KLAC,KLA • Robinhood Token,0x96b933c74ecb4a0926b9210cef7b743ef46be2e9,https://robinhoodchain.blockscout.com/token/0x96b933c74ecb4a0926b9210cef7b743ef46be2e9,ok,2026-09-06T06:19:23.481573+00:00,https://api.dexscreener.com/token-pairs/v1/robinhood/0x96b933c74ecb4a0926b9210cef7b743ef46be2e9,5,5,False,5,0,0,0,0,0.0,外部ERC-20候補はAPI返却範囲で非観測,今回のAPI返却は30件未満で、外部ERC-20行は含まれなかった。オンチェーン上の非存在を意味しない。
KTOS,Kratos Defense & Security Solutions • Robinhood Token,0x7fd06a4d81ccfa3f351394e144d5191874c31313,https://robinhoodchain.blockscout.com/token/0x7fd06a4d81ccfa3f351394e144d5191874c31313,ok,2026-09-06T06:19:24.588488+00:00,https://api.dexscreener.com/token-pairs/v1/robinhood/0x7fd06a4d81ccfa3f351394e144d5191874c31313,2,2,False,2,0,0,0,0,0.0,外部ERC-20候補はAPI返却範囲で非観測,今回のAPI返却は30件未満で、外部ERC-20行は含まれなかった。オンチェーン上の非存在を意味しない。
LRCX,Lam Research Corp • Robinhood Token,0x57b0030166db0c31690d1a5aa167e2e26e2c29a4,https://robinhoodchain.blockscout.com/token/0x57b0030166db0c31690d1a5aa167e2e26e2c29a4,ok,2026-09-06T06:19:28.228366+00:00,https://api.dexscreener.com/token-pairs/v1/robinhood/0x57b0030166db0c31690d1a5aa167e2e26e2c29a4,5,5,False,5,0,0,0,0,0.0,外部ERC-20候補はAPI返却範囲で非観測,今回のAPI返却は30件未満で、外部ERC-20行は含まれなかった。オンチェーン上の非存在を意味しない。
MOD,Modine • Robinhood Token,0xc6cbad1016b38b797610c25e1dc7d95988b1f362,https://robinhoodchain.blockscout.com/token/0xc6cbad1016b38b797610c25e1dc7d95988b1f362,ok,2026-09-06T06:19:31.777707+00:00,https://api.dexscreener.com/token-pairs/v1/robinhood/0xc6cbad1016b38b797610c25e1dc7d95988b1f362,3,3,False,3,0,0,0,0,0.0,外部ERC-20候補はAPI返却範囲で非観測,今回のAPI返却は30件未満で、外部ERC-20行は含まれなかった。オンチェーン上の非存在を意味しない。
MTSI,MACOM • Robinhood Token,0xc93f4d80e268ab922e871bd169156c3cc41894e6,https://robinhoodchain.blockscout.com/token/0xc93f4d80e268ab922e871bd169156c3cc41894e6,ok,2026-09-06T06:19:35.563815+00:00,https://api.dexscreener.com/token-pairs/v1/robinhood/0xc93f4d80e268ab922e871bd169156c3cc41894e6,2,2,False,2,0,0,0,0,0.0,外部ERC-20候補はAPI返却範囲で非観測,今回のAPI返却は30件未満で、外部ERC-20行は含まれなかった。オンチェーン上の非存在を意味しない。
MXL,MaxLinear • Robinhood Token,0x48961813349333209994750ffa89b3c5c22ec969,https://robinhoodchain.blockscout.com/token/0x48961813349333209994750ffa89b3c5c22ec969,ok,2026-09-06T06:19:37.025953+00:00,https://api.dexscreener.com/token-pairs/v1/robinhood/0x48961813349333209994750ffa89b3c5c22ec969,3,3,False,2,1,0,0,0,0.0,外部ERC-20候補はAPI返却範囲で非観測,今回のAPI返却は30件未満で、外部ERC-20行は含まれなかった。オンチェーン上の非存在を意味しない。
NAVN,Navan • Robinhood Token,0xf7181b63fdb858558a74ba96bc42732684cd7965,https://robinhoodchain.blockscout.com/token/0xf7181b63fdb858558a74ba96bc42732684cd7965,ok,2026-09-06T06:19:37.716844+00:00,https://api.dexscreener.com/token-pairs/v1/robinhood/0xf7181b63fdb858558a74ba96bc42732684cd7965,4,4,False,4,0,0,0,0,0.0,外部ERC-20候補はAPI返却範囲で非観測,今回のAPI返却は30件未満で、外部ERC-20行は含まれなかった。オンチェーン上の非存在を意味しない。
NVTS,Navitas Semiconductor • Robinhood Token,0xbe6702d7b70315376dc48a3293f24f0982f86386,https://robinhoodchain.blockscout.com/token/0xbe6702d7b70315376dc48a3293f24f0982f86386,ok,2026-09-06T06:19:43.412806+00:00,https://api.dexscreener.com/token-pairs/v1/robinhood/0xbe6702d7b70315376dc48a3293f24f0982f86386,2,2,False,2,0,0,0,0,0.0,外部ERC-20候補はAPI返却範囲で非観測,今回のAPI返却は30件未満で、外部ERC-20行は含まれなかった。オンチェーン上の非存在を意味しない。
OKLO,Oklo • Robinhood Token,0x8b2f88497f15a18e9d4ffa1a8ffb8538399ae774,https://robinhoodchain.blockscout.com/token/0x8b2f88497f15a18e9d4ffa1a8ffb8538399ae774,ok,2026-09-06T06:19:44.222363+00:00,https://api.dexscreener.com/token-pairs/v1/robinhood/0x8b2f88497f15a18e9d4ffa1a8ffb8538399ae774,3,3,False,3,0,0,0,0,0.0,外部ERC-20候補はAPI返却範囲で非観測,今回のAPI返却は30件未満で、外部ERC-20行は含まれなかった。オンチェーン上の非存在を意味しない。
ONTO,Onto Innovation • Robinhood Token,0x8ff63eaeee3fe54ba450c4f5538064ec5a893aef,https://robinhoodchain.blockscout.com/token/0x8ff63eaeee3fe54ba450c4f5538064ec5a893aef,ok,2026-09-06T06:19:45.791335+00:00,https://api.dexscreener.com/token-pairs/v1/robinhood/0x8ff63eaeee3fe54ba450c4f5538064ec5a893aef,2,2,False,2,0,0,0,0,0.0,外部ERC-20候補はAPI返却範囲で非観測,今回のAPI返却は30件未満で、外部ERC-20行は含まれなかった。オンチェーン上の非存在を意味しない。
OUST,Ouster • Robinhood Token,0x40e7a279850e443f582059ae5dc1c3b6563e6395,https://robinhoodchain.blockscout.com/token/0x40e7a279850e443f582059ae5dc1c3b6563e6395,ok,2026-09-06T06:19:47.159090+00:00,https://api.dexscreener.com/token-pairs/v1/robinhood/0x40e7a279850e443f582059ae5dc1c3b6563e6395,3,3,False,3,0,0,0,0,0.0,外部ERC-20候補はAPI返却範囲で非観測,今回のAPI返却は30件未満で、外部ERC-20行は含まれなかった。オンチェーン上の非存在を意味しない。
PATH,UiPath • Robinhood Token,0xfb2664f07b6aadd29ea7a59d8859b1aeb8645cda,https://robinhoodchain.blockscout.com/token/0xfb2664f07b6aadd29ea7a59d8859b1aeb8645cda,ok,2026-09-06T06:19:49.636721+00:00,https://api.dexscreener.com/token-pairs/v1/robinhood/0xfb2664f07b6aadd29ea7a59d8859b1aeb8645cda,3,3,False,3,0,0,0,0,0.0,外部ERC-20候補はAPI返却範囲で非観測,今回のAPI返却は30件未満で、外部ERC-20行は含まれなかった。オンチェーン上の非存在を意味しない。
POWL,Powell Industries • Robinhood Token,0x237c16d66590f67b886d978acd362eaead8b18c7,https://robinhoodchain.blockscout.com/token/0x237c16d66590f67b886d978acd362eaead8b18c7,ok,2026-09-06T06:19:53.524947+00:00,https://api.dexscreener.com/token-pairs/v1/robinhood/0x237c16d66590f67b886d978acd362eaead8b18c7,8,8,False,8,0,0,0,0,0.0,外部ERC-20候補はAPI返却範囲で非観測,今回のAPI返却は30件未満で、外部ERC-20行は含まれなかった。オンチェーン上の非存在を意味しない。
PR,Permian Resources • Robinhood Token,0x4189f0c66ebbb0bfef1c31f763131361ef32f77c,https://robinhoodchain.blockscout.com/token/0x4189f0c66ebbb0bfef1c31f763131361ef32f77c,ok,2026-09-06T06:19:54.313076+00:00,https://api.dexscreener.com/token-pairs/v1/robinhood/0x4189f0c66ebbb0bfef1c31f763131361ef32f77c,0,0,False,0,0,0,0,0,0.0,外部ERC-20候補はAPI返却範囲で非観測,今回のAPI返却は30件未満で、外部ERC-20行は含まれなかった。オンチェーン上の非存在を意味しない。
QBTS,D-Wave Quantum Inc. Common Stock • Robinhood Token,0xc583c60aef9dc401da72cec1b404743a93cea1cc,https://robinhoodchain.blockscout.com/token/0xc583c60aef9dc401da72cec1b404743a93cea1cc,ok,2026-09-06T06:19:55.888167+00:00,https://api.dexscreener.com/token-pairs/v1/robinhood/0xc583c60aef9dc401da72cec1b404743a93cea1cc,5,5,False,5,0,0,0,0,0.0,外部ERC-20候補はAPI返却範囲で非観測,今回のAPI返却は30件未満で、外部ERC-20行は含まれなかった。オンチェーン上の非存在を意味しない。
QCOM,Qualcomm • Robinhood Token,0x0f17206447090e464c277571124dd2688e48aea9,https://robinhoodchain.blockscout.com/token/0x0f17206447090e464c277571124dd2688e48aea9,ok,2026-09-06T06:19:56.676347+00:00,https://api.dexscreener.com/token-pairs/v1/robinhood/0x0f17206447090e464c277571124dd2688e48aea9,6,6,False,6,0,0,0,0,0.0,外部ERC-20候補はAPI返却範囲で非観測,今回のAPI返却は30件未満で、外部ERC-20行は含まれなかった。オンチェーン上の非存在を意味しない。
RDW,Redwire • Robinhood Token,0x92ef19e82bd8ff36661de838d5eae7e5cef0effe,https://robinhoodchain.blockscout.com/token/0x92ef19e82bd8ff36661de838d5eae7e5cef0effe,ok,2026-09-06T06:19:59.739111+00:00,https://api.dexscreener.com/token-pairs/v1/robinhood/0x92ef19e82bd8ff36661de838d5eae7e5cef0effe,4,4,False,4,0,0,0,0,0.0,外部ERC-20候補はAPI返却範囲で非観測,今回のAPI返却は30件未満で、外部ERC-20行は含まれなかった。オンチェーン上の非存在を意味しない。
RGTI,Rigetti Computing • Robinhood Token,0x284358abc07f9359f19f4b5b4ac91901be2597ba,https://robinhoodchain.blockscout.com/token/0x284358abc07f9359f19f4b5b4ac91901be2597ba,ok,2026-09-06T06:20:00.608785+00:00,https://api.dexscreener.com/token-pairs/v1/robinhood/0x284358abc07f9359f19f4b5b4ac91901be2597ba,3,3,False,3,0,0,0,0,0.0,外部ERC-20候補はAPI返却範囲で非観測,今回のAPI返却は30件未満で、外部ERC-20行は含まれなかった。オンチェーン上の非存在を意味しない。
SLS,SELLAS Life Sciences • Robinhood Token,0x285b231728c7e4333799183df1094d775246a535,https://robinhoodchain.blockscout.com/token/0x285b231728c7e4333799183df1094d775246a535,ok,2026-09-06T06:20:05.540275+00:00,https://api.dexscreener.com/token-pairs/v1/robinhood/0x285b231728c7e4333799183df1094d775246a535,2,2,False,2,0,0,0,0,0.0,外部ERC-20候補はAPI返却範囲で非観測,今回のAPI返却は30件未満で、外部ERC-20行は含まれなかった。オンチェーン上の非存在を意味しない。
TEAM,Atlassian Corporation • Robinhood Token,0x5b97476b922f3305131b8f0b9d333172e87f4aae,https://robinhoodchain.blockscout.com/token/0x5b97476b922f3305131b8f0b9d333172e87f4aae,ok,2026-09-06T06:20:11.683112+00:00,https://api.dexscreener.com/token-pairs/v1/robinhood/0x5b97476b922f3305131b8f0b9d333172e87f4aae,2,2,False,2,0,0,0,0,0.0,外部ERC-20候補はAPI返却範囲で非観測,今回のAPI返却は30件未満で、外部ERC-20行は含まれなかった。オンチェーン上の非存在を意味しない。
TEM,Tempus AI • Robinhood Token,0xb1cc0ec7db69cf43539119814df40071b9d61793,https://robinhoodchain.blockscout.com/token/0xb1cc0ec7db69cf43539119814df40071b9d61793,ok,2026-09-06T06:20:12.501943+00:00,https://api.dexscreener.com/token-pairs/v1/robinhood/0xb1cc0ec7db69cf43539119814df40071b9d61793,3,3,False,3,0,0,0,0,0.0,外部ERC-20候補はAPI返却範囲で非観測,今回のAPI返却は30件未満で、外部ERC-20行は含まれなかった。オンチェーン上の非存在を意味しない。
TSEM,Tower Semiconductor • Robinhood Token,0x89776d4cd68193597a2fc132cfac1fde36ccea8a,https://robinhoodchain.blockscout.com/token/0x89776d4cd68193597a2fc132cfac1fde36ccea8a,ok,2026-09-06T06:20:14.054316+00:00,https://api.dexscreener.com/token-pairs/v1/robinhood/0x89776d4cd68193597a2fc132cfac1fde36ccea8a,1,1,False,1,0,0,0,0,0.0,外部ERC-20候補はAPI返却範囲で非観測,今回のAPI返却は30件未満で、外部ERC-20行は含まれなかった。オンチェーン上の非存在を意味しない。
UMC,United Microelectronics • Robinhood Token,0x0e6e67ba88e7b5d9b67636a215c76779b948de79,https://robinhoodchain.blockscout.com/token/0x0e6e67ba88e7b5d9b67636a215c76779b948de79,ok,2026-09-06T06:20:17.491430+00:00,https://api.dexscreener.com/token-pairs/v1/robinhood/0x0e6e67ba88e7b5d9b67636a215c76779b948de79,7,7,False,7,0,0,0,0,0.0,外部ERC-20候補はAPI返却範囲で非観測,今回のAPI返却は30件未満で、外部ERC-20行は含まれなかった。オンチェーン上の非存在を意味しない。
VICR,Vicor • Robinhood Token,0x6006ed4b2f94110851ff7509d97d034f0eed9226,https://robinhoodchain.blockscout.com/token/0x6006ed4b2f94110851ff7509d97d034f0eed9226,ok,2026-09-06T06:20:20.148337+00:00,https://api.dexscreener.com/token-pairs/v1/robinhood/0x6006ed4b2f94110851ff7509d97d034f0eed9226,0,0,False,0,0,0,0,0,0.0,外部ERC-20候補はAPI返却範囲で非観測,今回のAPI返却は30件未満で、外部ERC-20行は含まれなかった。オンチェーン上の非存在を意味しない。
VRT,Vertiv • Robinhood Token,0xfa78c12e6488814a0262e4e802749a4a737d5fb7,https://robinhoodchain.blockscout.com/token/0xfa78c12e6488814a0262e4e802749a4a737d5fb7,ok,2026-09-06T06:20:20.717737+00:00,https://api.dexscreener.com/token-pairs/v1/robinhood/0xfa78c12e6488814a0262e4e802749a4a737d5fb7,3,3,False,3,0,0,0,0,0.0,外部ERC-20候補はAPI返却範囲で非観測,今回のAPI返却は30件未満で、外部ERC-20行は含まれなかった。オンチェーン上の非存在を意味しない。
VSAT,ViaSat • Robinhood Token,0x26dcbfb34fc83cabd6990f449674efdc6097ff85,https://robinhoodchain.blockscout.com/token/0x26dcbfb34fc83cabd6990f449674efdc6097ff85,ok,2026-09-06T06:20:21.209465+00:00,https://api.dexscreener.com/token-pairs/v1/robinhood/0x26dcbfb34fc83cabd6990f449674efdc6097ff85,0,0,False,0,0,0,0,0,0.0,外部ERC-20候補はAPI返却範囲で非観測,今回のAPI返却は30件未満で、外部ERC-20行は含まれなかった。オンチェーン上の非存在を意味しない。
WDC,Western Digital • Robinhood Token,0xf52597345a8edf418bc4071b4a35112472277d3e,https://robinhoodchain.blockscout.com/token/0xf52597345a8edf418bc4071b4a35112472277d3e,ok,2026-09-06T06:20:23.240636+00:00,https://api.dexscreener.com/token-pairs/v1/robinhood/0xf52597345a8edf418bc4071b4a35112472277d3e,2,2,False,2,0,0,0,0,0.0,外部ERC-20候補はAPI返却範囲で非観測,今回のAPI返却は30件未満で、外部ERC-20行は含まれなかった。オンチェーン上の非存在を意味しない。
XNDU,Xanadu Quantum • Robinhood Token,0xa8eb3bccbf2017ee7cbfb652eb51cf2e1b153289,https://robinhoodchain.blockscout.com/token/0xa8eb3bccbf2017ee7cbfb652eb51cf2e1b153289,ok,2026-09-06T06:20:24.943000+00:00,https://api.dexscreener.com/token-pairs/v1/robinhood/0xa8eb3bccbf2017ee7cbfb652eb51cf2e1b153289,1,1,False,1,0,0,0,0,0.0,外部ERC-20候補はAPI返却範囲で非観測,今回のAPI返却は30件未満で、外部ERC-20行は含まれなかった。オンチェーン上の非存在を意味しない。
