ticker,official_token_name,rhj_registry_contract_address,token_decimals,erc20_total_supply_token_units,blockscout_contract_url,registry_asset_status,registry_retrieved_at_utc,rpc_status,rpc_checked_at_utc
AAOI,Applied Optoelectronics • Robinhood Token,0x521cf887e6531c6f667b5bc4d896e5d9bfe8eb2e,18,665.035,https://robinhoodchain.blockscout.com/token/0x521cf887e6531c6f667b5bc4d896e5d9bfe8eb2e,ASSET_STATUS_ACTIVE,2026-09-06T00:50:05.004891+00:00,ok,2026-09-06T00:50:05.262573+00:00
AAPL,Apple • Robinhood Token,0xaf3d76f1834a1d425780943c99ea8a608f8a93f9,18,17631.42312292,https://robinhoodchain.blockscout.com/token/0xaf3d76f1834a1d425780943c99ea8a608f8a93f9,ASSET_STATUS_ACTIVE,2026-09-06T00:50:05.004891+00:00,ok,2026-09-06T00:50:06.284457+00:00
ABCL,Abcellera Biologics • Robinhood Token,0x3139d77ace0cbaa5bdfd38bd1f1911a794af0b0e,18,2642.712,https://robinhoodchain.blockscout.com/token/0x3139d77ace0cbaa5bdfd38bd1f1911a794af0b0e,ASSET_STATUS_ACTIVE,2026-09-06T00:50:05.004891+00:00,ok,2026-09-06T00:50:07.228006+00:00
ADBE,Adobe • Robinhood Token,0x232b8ed6377be97813853b0ac104c4cda8378d1b,18,591.281,https://robinhoodchain.blockscout.com/token/0x232b8ed6377be97813853b0ac104c4cda8378d1b,ASSET_STATUS_ACTIVE,2026-09-06T00:50:05.004891+00:00,ok,2026-09-06T00:50:08.176565+00:00
AEHR,Aehr • Robinhood Token,0x5f604fba1162193a4388a5dfa56f556f3e133cc2,18,156.148,https://robinhoodchain.blockscout.com/token/0x5f604fba1162193a4388a5dfa56f556f3e133cc2,ASSET_STATUS_ACTIVE,2026-09-06T00:50:05.004891+00:00,ok,2026-09-06T00:50:09.129827+00:00
AEIS,Advanced Energy • Robinhood Token,0xfaf9cb261b5fcc1f404bb10cd39c5c6c1974e612,18,104.674,https://robinhoodchain.blockscout.com/token/0xfaf9cb261b5fcc1f404bb10cd39c5c6c1974e612,ASSET_STATUS_ACTIVE,2026-09-06T00:50:05.004891+00:00,ok,2026-09-06T00:50:10.158041+00:00
ALAB,"Astera Labs, Inc. • Robinhood Token",0x748c32c3ca24edf31ea597db1f3d330a7a6da3dc,18,142.97,https://robinhoodchain.blockscout.com/token/0x748c32c3ca24edf31ea597db1f3d330a7a6da3dc,ASSET_STATUS_ACTIVE,2026-09-06T00:50:05.004891+00:00,ok,2026-09-06T00:50:11.083544+00:00
AMAT,Applied Materials • Robinhood Token,0x36046893810a7e7fce501229d57dc3fc8c8716d0,18,180.025,https://robinhoodchain.blockscout.com/token/0x36046893810a7e7fce501229d57dc3fc8c8716d0,ASSET_STATUS_ACTIVE,2026-09-06T00:50:05.004891+00:00,ok,2026-09-06T00:50:12.045868+00:00
AMBA,Ambarella • Robinhood Token,0x99d9d8663545151603863c5acbd6fc3218899009,18,490.651,https://robinhoodchain.blockscout.com/token/0x99d9d8663545151603863c5acbd6fc3218899009,ASSET_STATUS_ACTIVE,2026-09-06T00:50:05.004891+00:00,ok,2026-09-06T00:50:12.977788+00:00
AMC,AMC Entertainment • Robinhood Token,0x05a3d1cd21d0c88145e82600e62e7e496e0f222b,18,2895757.579,https://robinhoodchain.blockscout.com/token/0x05a3d1cd21d0c88145e82600e62e7e496e0f222b,ASSET_STATUS_ACTIVE,2026-09-06T00:50:05.004891+00:00,ok,2026-09-06T00:50:13.917303+00:00
AMD,AMD • Robinhood Token,0x86923f96303d656e4aa86d9d42d1e57ad2023fdc,18,4058.232,https://robinhoodchain.blockscout.com/token/0x86923f96303d656e4aa86d9d42d1e57ad2023fdc,ASSET_STATUS_ACTIVE,2026-09-06T00:50:05.004891+00:00,ok,2026-09-06T00:50:14.880262+00:00
AMKR,Amkor Technology • Robinhood Token,0xdd356aa38f40a7b7076755ac854b6fbb1f0d305b,18,413.668,https://robinhoodchain.blockscout.com/token/0xdd356aa38f40a7b7076755ac854b6fbb1f0d305b,ASSET_STATUS_ACTIVE,2026-09-06T00:50:05.004891+00:00,ok,2026-09-06T00:50:15.912696+00:00
AMZN,Amazon • Robinhood Token,0x12f190a9f9d7d37a250758b26824b97ce941bf54,18,9849.261,https://robinhoodchain.blockscout.com/token/0x12f190a9f9d7d37a250758b26824b97ce941bf54,ASSET_STATUS_ACTIVE,2026-09-06T00:50:05.004891+00:00,ok,2026-09-06T00:50:16.947584+00:00
ANET,Arista • Robinhood Token,0x28babd556b60e53663b8615036479a29c2cdd1bf,18,136.787,https://robinhoodchain.blockscout.com/token/0x28babd556b60e53663b8615036479a29c2cdd1bf,ASSET_STATUS_ACTIVE,2026-09-06T00:50:05.004891+00:00,ok,2026-09-06T00:50:17.882818+00:00
APLD,Applied Digital • Robinhood Token,0xb8dbf92f9741c9ac1c32115e78581f23509916fd,18,1660.08,https://robinhoodchain.blockscout.com/token/0xb8dbf92f9741c9ac1c32115e78581f23509916fd,ASSET_STATUS_ACTIVE,2026-09-06T00:50:05.004891+00:00,ok,2026-09-06T00:50:18.855590+00:00
APP,AppLovin • Robinhood Token,0xa249baf1063af884807c1e1400aef7784836917e,18,148.988,https://robinhoodchain.blockscout.com/token/0xa249baf1063af884807c1e1400aef7784836917e,ASSET_STATUS_ACTIVE,2026-09-06T00:50:05.004891+00:00,ok,2026-09-06T00:50:19.798280+00:00
ASML,ASML Holding NV • Robinhood Token,0x47f93d52cbec7c6d2cfc080e154002370a60daea,18,130.5971075,https://robinhoodchain.blockscout.com/token/0x47f93d52cbec7c6d2cfc080e154002370a60daea,ASSET_STATUS_ACTIVE,2026-09-06T00:50:05.004891+00:00,ok,2026-09-06T00:50:20.759891+00:00
ASTS,AST SpaceMobile • Robinhood Token,0x1af6446f07eb1d97c546afc8c9544cbdf3ad5137,18,1832.437,https://robinhoodchain.blockscout.com/token/0x1af6446f07eb1d97c546afc8c9544cbdf3ad5137,ASSET_STATUS_ACTIVE,2026-09-06T00:50:05.004891+00:00,ok,2026-09-06T00:50:21.696135+00:00
AUR,Aurora Innovation • Robinhood Token,0x373c06c4f7bde527d7dae4ba169e42b55e393ced,18,8632.59,https://robinhoodchain.blockscout.com/token/0x373c06c4f7bde527d7dae4ba169e42b55e393ced,ASSET_STATUS_ACTIVE,2026-09-06T00:50:05.004891+00:00,ok,2026-09-06T00:50:22.724578+00:00
AVAV,AeroVironment • Robinhood Token,0xf6290b5e7c26502e2da514c31509849718ea76a5,18,164.656,https://robinhoodchain.blockscout.com/token/0xf6290b5e7c26502e2da514c31509849718ea76a5,ASSET_STATUS_ACTIVE,2026-09-06T00:50:05.004891+00:00,ok,2026-09-06T00:50:23.663432+00:00
AVGO,Broadcom • Robinhood Token,0x156e175dd063a8ce274c50654ef40e0032b3fbcf,18,387.719,https://robinhoodchain.blockscout.com/token/0x156e175dd063a8ce274c50654ef40e0032b3fbcf,ASSET_STATUS_ACTIVE,2026-09-06T00:50:05.004891+00:00,ok,2026-09-06T00:50:24.620495+00:00
AXON,Axon • Robinhood Token,0xc27dbd474af5181c5a8777903690d8d262d12648,18,40.185,https://robinhoodchain.blockscout.com/token/0xc27dbd474af5181c5a8777903690d8d262d12648,ASSET_STATUS_ACTIVE,2026-09-06T00:50:05.004891+00:00,ok,2026-09-06T00:50:25.552120+00:00
AXTI,AXT • Robinhood Token,0x141eea040c2250eec0314e336975e81f85f6585e,18,312.337,https://robinhoodchain.blockscout.com/token/0x141eea040c2250eec0314e336975e81f85f6585e,ASSET_STATUS_ACTIVE,2026-09-06T00:50:05.004891+00:00,ok,2026-09-06T00:50:26.917359+00:00
BA,Boeing • Robinhood Token,0x4d21483a44bf67a86b77e3da301411880797d452,18,1461.976,https://robinhoodchain.blockscout.com/token/0x4d21483a44bf67a86b77e3da301411880797d452,ASSET_STATUS_ACTIVE,2026-09-06T00:50:05.004891+00:00,ok,2026-09-06T00:50:27.857634+00:00
BABA,Alibaba • Robinhood Token,0xad25ac6c84d497db898fa1e8387bf6af3532a1c4,18,8540.607,https://robinhoodchain.blockscout.com/token/0xad25ac6c84d497db898fa1e8387bf6af3532a1c4,ASSET_STATUS_ACTIVE,2026-09-06T00:50:05.004891+00:00,ok,2026-09-06T00:50:28.813313+00:00
BB,Blackberry • Robinhood Token,0x48e39e56acdba37b09020c0b734a613c9a2f100a,18,86677.861,https://robinhoodchain.blockscout.com/token/0x48e39e56acdba37b09020c0b734a613c9a2f100a,ASSET_STATUS_ACTIVE,2026-09-06T00:50:05.004891+00:00,ok,2026-09-06T00:50:29.763078+00:00
BE,Bloom Energy • Robinhood Token,0x822cc93ffd030293e9842c30bbd678f530701867,18,4085.311,https://robinhoodchain.blockscout.com/token/0x822cc93ffd030293e9842c30bbd678f530701867,ASSET_STATUS_ACTIVE,2026-09-06T00:50:05.004891+00:00,ok,2026-09-06T00:50:30.710806+00:00
BND,Vanguard Total Bond Market ETF • Robinhood Token,0x2f62fc9fabb470c690f141c28340ed832bb27020,18,0,https://robinhoodchain.blockscout.com/token/0x2f62fc9fabb470c690f141c28340ed832bb27020,ASSET_STATUS_ACTIVE,2026-09-06T00:50:05.004891+00:00,ok,2026-09-06T00:50:31.653031+00:00
BULL,Webull • Robinhood Token,0xcef9027c7d6985b85f0ba431125073529a947a68,18,47508.594,https://robinhoodchain.blockscout.com/token/0xcef9027c7d6985b85f0ba431125073529a947a68,ASSET_STATUS_ACTIVE,2026-09-06T00:50:05.004891+00:00,ok,2026-09-06T00:50:32.679344+00:00
CBRS,Cerebras Systems • Robinhood Token,0x5c90450bbb4273d7b2f17cf6917aeb237a569679,18,115.592,https://robinhoodchain.blockscout.com/token/0x5c90450bbb4273d7b2f17cf6917aeb237a569679,ASSET_STATUS_ACTIVE,2026-09-06T00:50:05.004891+00:00,ok,2026-09-06T00:50:33.609267+00:00
CCL,Carnival Corporation • Robinhood Token,0x9651342cea770ae9a2969ba2a52611523146aef9,18,5200.73859716,https://robinhoodchain.blockscout.com/token/0x9651342cea770ae9a2969ba2a52611523146aef9,ASSET_STATUS_ACTIVE,2026-09-06T00:50:05.004891+00:00,ok,2026-09-06T00:50:34.571584+00:00
CEG,Constellation Energy • Robinhood Token,0xae517a2903e68bd929dfd15be875f8369d53e94a,18,386.712,https://robinhoodchain.blockscout.com/token/0xae517a2903e68bd929dfd15be875f8369d53e94a,ASSET_STATUS_ACTIVE,2026-09-06T00:50:05.004891+00:00,ok,2026-09-06T00:50:35.530465+00:00
CELH,Celsius • Robinhood Token,0x8cf07c5a878945185d327aaa6e33faa95f95e7bf,18,1318.45,https://robinhoodchain.blockscout.com/token/0x8cf07c5a878945185d327aaa6e33faa95f95e7bf,ASSET_STATUS_ACTIVE,2026-09-06T00:50:05.004891+00:00,ok,2026-09-06T00:50:36.465193+00:00
CIEN,Ciena • Robinhood Token,0x44f6d488021f8233b9416294d1fe9b1fee28382d,18,63.077,https://robinhoodchain.blockscout.com/token/0x44f6d488021f8233b9416294d1fe9b1fee28382d,ASSET_STATUS_ACTIVE,2026-09-06T00:50:05.004891+00:00,ok,2026-09-06T00:50:37.401073+00:00
CLOV,Clover Health Investments • Robinhood Token,0x62200915e7deab1ec7f79fb246dadbb80eacddd0,18,7254.649,https://robinhoodchain.blockscout.com/token/0x62200915e7deab1ec7f79fb246dadbb80eacddd0,ASSET_STATUS_ACTIVE,2026-09-06T00:50:05.004891+00:00,ok,2026-09-06T00:50:38.426698+00:00
CLS,Celestica • Robinhood Token,0xbf449977089c718c004a66c554b26b94ef3ad4de,18,81.695,https://robinhoodchain.blockscout.com/token/0xbf449977089c718c004a66c554b26b94ef3ad4de,ASSET_STATUS_ACTIVE,2026-09-06T00:50:05.004891+00:00,ok,2026-09-06T00:50:39.415725+00:00
CLSK,CleanSpark • Robinhood Token,0xcbb95bbf36099d34da091dc6fa6f49efa257cee3,18,2328.052,https://robinhoodchain.blockscout.com/token/0xcbb95bbf36099d34da091dc6fa6f49efa257cee3,ASSET_STATUS_ACTIVE,2026-09-06T00:50:05.004891+00:00,ok,2026-09-06T00:50:40.351749+00:00
COHR,Coherent • Robinhood Token,0x92f9f459f1a9a5ad266b182be7bffd1c6c666894,18,90.338,https://robinhoodchain.blockscout.com/token/0x92f9f459f1a9a5ad266b182be7bffd1c6c666894,ASSET_STATUS_ACTIVE,2026-09-06T00:50:05.004891+00:00,ok,2026-09-06T00:50:41.290590+00:00
COIN,Coinbase • Robinhood Token,0x6330d8c3178a418788df01a47479c0ce7ccf450b,18,8512.158,https://robinhoodchain.blockscout.com/token/0x6330d8c3178a418788df01a47479c0ce7ccf450b,ASSET_STATUS_ACTIVE,2026-09-06T00:50:05.004891+00:00,ok,2026-09-06T00:50:42.236599+00:00
COST,Costco • Robinhood Token,0x4ea005168d7f09a7a0ba9d1def21a479950e44c2,18,1829.86063189,https://robinhoodchain.blockscout.com/token/0x4ea005168d7f09a7a0ba9d1def21a479950e44c2,ASSET_STATUS_ACTIVE,2026-09-06T00:50:05.004891+00:00,ok,2026-09-06T00:50:43.176860+00:00
CRCL,Circle Internet Group • Robinhood Token,0xdf0992e440dd0be65bd8439b609d6d4366bf1cb5,18,21746.347,https://robinhoodchain.blockscout.com/token/0xdf0992e440dd0be65bd8439b609d6d4366bf1cb5,ASSET_STATUS_ACTIVE,2026-09-06T00:50:05.004891+00:00,ok,2026-09-06T00:50:44.201987+00:00
CRDO,Credo Technology Group • Robinhood Token,0x4d67253bc223e6b0e104f1084c1fb2b669ddc41b,18,153.936,https://robinhoodchain.blockscout.com/token/0x4d67253bc223e6b0e104f1084c1fb2b669ddc41b,ASSET_STATUS_ACTIVE,2026-09-06T00:50:05.004891+00:00,ok,2026-09-06T00:50:45.162142+00:00
CRM,Salesforce • Robinhood Token,0xd95b44124e475743a7589e68f3d74008a5536d44,18,246.888,https://robinhoodchain.blockscout.com/token/0xd95b44124e475743a7589e68f3d74008a5536d44,ASSET_STATUS_ACTIVE,2026-09-06T00:50:05.004891+00:00,ok,2026-09-06T00:50:46.111402+00:00
CRWD,CrowdStrike Holdings • Robinhood Token,0xea72ecca2d0f6bfa1394dbbcff85b52cd4233931,18,52.86175,https://robinhoodchain.blockscout.com/token/0xea72ecca2d0f6bfa1394dbbcff85b52cd4233931,ASSET_STATUS_ACTIVE,2026-09-06T00:50:05.004891+00:00,ok,2026-09-06T00:50:47.062286+00:00
CRWV,CoreWeave • Robinhood Token,0x5f10a1c971b69e47e059e1dc91901b59b3fb49c3,18,7941.081,https://robinhoodchain.blockscout.com/token/0x5f10a1c971b69e47e059e1dc91901b59b3fb49c3,ASSET_STATUS_ACTIVE,2026-09-06T00:50:05.004891+00:00,ok,2026-09-06T00:50:48.010500+00:00
CSCO,Cisco Systems • Robinhood Token,0xf543967eebb6f1917992ef0e68de63ab07a5a0da,18,573.153,https://robinhoodchain.blockscout.com/token/0xf543967eebb6f1917992ef0e68de63ab07a5a0da,ASSET_STATUS_ACTIVE,2026-09-06T00:50:05.004891+00:00,ok,2026-09-06T00:50:50.065937+00:00
CTSH,Cognizant • Robinhood Token,0x63d5a3b6939a33f1e75d8bcd85759858239600db,18,320.437,https://robinhoodchain.blockscout.com/token/0x63d5a3b6939a33f1e75d8bcd85759858239600db,ASSET_STATUS_ACTIVE,2026-09-06T00:50:05.004891+00:00,ok,2026-09-06T00:50:51.048955+00:00
CVNA,Carvana • Robinhood Token,0xa4f319104089fe321dc8093c6e707d4fe190a988,18,2683.774,https://robinhoodchain.blockscout.com/token/0xa4f319104089fe321dc8093c6e707d4fe190a988,ASSET_STATUS_ACTIVE,2026-09-06T00:50:05.004891+00:00,ok,2026-09-06T00:50:52.095657+00:00
DDOG,Datadog • Robinhood Token,0x27c99fbde9d0d2aa4f4bfb4943f237843ddf6958,18,866.92,https://robinhoodchain.blockscout.com/token/0x27c99fbde9d0d2aa4f4bfb4943f237843ddf6958,ASSET_STATUS_ACTIVE,2026-09-06T00:50:05.004891+00:00,ok,2026-09-06T00:50:53.124158+00:00
DELL,Dell • Robinhood Token,0x941ae714ec6d8130c7b75d67160ca08f1e7d11dd,18,1006.83707577,https://robinhoodchain.blockscout.com/token/0x941ae714ec6d8130c7b75d67160ca08f1e7d11dd,ASSET_STATUS_ACTIVE,2026-09-06T00:50:05.004891+00:00,ok,2026-09-06T00:50:54.050397+00:00
DJT,Trump Media & Technology Group • Robinhood Token,0x1d11f0496982706c5e14a514d4e79f2e6bde4516,18,321292.787,https://robinhoodchain.blockscout.com/token/0x1d11f0496982706c5e14a514d4e79f2e6bde4516,ASSET_STATUS_ACTIVE,2026-09-06T00:50:05.004891+00:00,ok,2026-09-06T00:50:55.024560+00:00
DOCN,DigitalOcean • Robinhood Token,0xc02f12b9fe9e707079ec0d546f3050d3f6c1f8bd,18,225.792,https://robinhoodchain.blockscout.com/token/0xc02f12b9fe9e707079ec0d546f3050d3f6c1f8bd,ASSET_STATUS_ACTIVE,2026-09-06T00:50:05.004891+00:00,ok,2026-09-06T00:50:56.072081+00:00
ELF,e.l.f. Beauty • Robinhood Token,0x39ec44bee4f6a116c6f9b8de566848a985c53c60,18,594.333,https://robinhoodchain.blockscout.com/token/0x39ec44bee4f6a116c6f9b8de566848a985c53c60,ASSET_STATUS_ACTIVE,2026-09-06T00:50:05.004891+00:00,ok,2026-09-06T00:50:57.119741+00:00
EWT,iShares MSCI Taiwan Capped ETF • Robinhood Token,0x1c690498150252222c275a5ced69d3a6b1f52d5e,18,292.677,https://robinhoodchain.blockscout.com/token/0x1c690498150252222c275a5ced69d3a6b1f52d5e,ASSET_STATUS_ACTIVE,2026-09-06T00:50:05.004891+00:00,ok,2026-09-06T00:50:58.065811+00:00
EWY,iShares MSCI South Korea fund • Robinhood Token,0x7f0abef0c07280f82c6a08ead09ded6bae2c13fc,18,3862.685,https://robinhoodchain.blockscout.com/token/0x7f0abef0c07280f82c6a08ead09ded6bae2c13fc,ASSET_STATUS_ACTIVE,2026-09-06T00:50:05.004891+00:00,ok,2026-09-06T00:50:59.001595+00:00
F,Ford Motor • Robinhood Token,0x25c288e6d899b9bc30160965ad9644c67e73be0c,18,18575.73874675,https://robinhoodchain.blockscout.com/token/0x25c288e6d899b9bc30160965ad9644c67e73be0c,ASSET_STATUS_ACTIVE,2026-09-06T00:50:05.004891+00:00,ok,2026-09-06T00:50:59.966700+00:00
FICO,Fair Isaac • Robinhood Token,0xa48f22a46c0f1c46ca7d111cb6c137c271987180,18,33.027,https://robinhoodchain.blockscout.com/token/0xa48f22a46c0f1c46ca7d111cb6c137c271987180,ASSET_STATUS_ACTIVE,2026-09-06T00:50:05.004891+00:00,ok,2026-09-06T00:51:01.005371+00:00
FIG,Figma • Robinhood Token,0x41f4267525a8aff329540ef24fd83d9044758b33,18,21305.778,https://robinhoodchain.blockscout.com/token/0x41f4267525a8aff329540ef24fd83d9044758b33,ASSET_STATUS_ACTIVE,2026-09-06T00:50:05.004891+00:00,ok,2026-09-06T00:51:02.038291+00:00
FISV,Fiserv • Robinhood Token,0x9ece29a4a2397c0a35fb5fa8ee2b9509130a98cc,18,646.287,https://robinhoodchain.blockscout.com/token/0x9ece29a4a2397c0a35fb5fa8ee2b9509130a98cc,ASSET_STATUS_ACTIVE,2026-09-06T00:50:05.004891+00:00,ok,2026-09-06T00:51:02.986121+00:00
FIX,Comfort Systems • Robinhood Token,0x93dbb1d2dc5d63f4abacff30485273f538df68ac,18,43.627,https://robinhoodchain.blockscout.com/token/0x93dbb1d2dc5d63f4abacff30485273f538df68ac,ASSET_STATUS_ACTIVE,2026-09-06T00:50:05.004891+00:00,ok,2026-09-06T00:51:03.935628+00:00
FLNC,Fluence Energy • Robinhood Token,0x282e87451e10fa6679bc7d76c69be44cd3fc777c,18,3074.314,https://robinhoodchain.blockscout.com/token/0x282e87451e10fa6679bc7d76c69be44cd3fc777c,ASSET_STATUS_ACTIVE,2026-09-06T00:50:05.004891+00:00,ok,2026-09-06T00:51:04.888486+00:00
FLY,Firefly Aerospace Inc. • Robinhood Token,0x03bc731ffb162cdd7b98d3c6542bfc291126075d,18,3330.202,https://robinhoodchain.blockscout.com/token/0x03bc731ffb162cdd7b98d3c6542bfc291126075d,ASSET_STATUS_ACTIVE,2026-09-06T00:50:05.004891+00:00,ok,2026-09-06T00:51:05.865005+00:00
FTNT,Fortinet • Robinhood Token,0x3fb8976980d486084b2eb4a404bd12e72823958f,18,267.022,https://robinhoodchain.blockscout.com/token/0x3fb8976980d486084b2eb4a404bd12e72823958f,ASSET_STATUS_ACTIVE,2026-09-06T00:50:05.004891+00:00,ok,2026-09-06T00:51:06.804630+00:00
FUTU,Futu Holdings • Robinhood Token,0xeb30663bdff0622ef4e4e5cbb4e975f19f33f51d,18,497.94,https://robinhoodchain.blockscout.com/token/0xeb30663bdff0622ef4e4e5cbb4e975f19f33f51d,ASSET_STATUS_ACTIVE,2026-09-06T00:50:05.004891+00:00,ok,2026-09-06T00:51:07.826261+00:00
GE,General Electric • Robinhood Token,0x63b814ddbd6bf339f25fed8c36158a008d5b373e,18,344.685,https://robinhoodchain.blockscout.com/token/0x63b814ddbd6bf339f25fed8c36158a008d5b373e,ASSET_STATUS_ACTIVE,2026-09-06T00:50:05.004891+00:00,ok,2026-09-06T00:51:08.850653+00:00
GEV,GE Vernova • Robinhood Token,0x94b8aae43a1ccc08aa64b7d1f29b4d920af4a0c9,18,29.61,https://robinhoodchain.blockscout.com/token/0x94b8aae43a1ccc08aa64b7d1f29b4d920af4a0c9,ASSET_STATUS_ACTIVE,2026-09-06T00:50:05.004891+00:00,ok,2026-09-06T00:51:09.792151+00:00
GLD,SPDR Gold Trust • Robinhood Token,0xc9a981fee1f9dec688bb123ccdecc63d0debfc4e,18,15546.214,https://robinhoodchain.blockscout.com/token/0xc9a981fee1f9dec688bb123ccdecc63d0debfc4e,ASSET_STATUS_ACTIVE,2026-09-06T00:50:05.004891+00:00,ok,2026-09-06T00:51:10.750993+00:00
GLW,Corning • Robinhood Token,0x7c04e6a3368f2a1de3874f0e80d2e0a1a9915da6,18,191.825,https://robinhoodchain.blockscout.com/token/0x7c04e6a3368f2a1de3874f0e80d2e0a1a9915da6,ASSET_STATUS_ACTIVE,2026-09-06T00:50:05.004891+00:00,ok,2026-09-06T00:51:11.687837+00:00
GLXY,Galaxy Digital Inc. • Robinhood Token,0x2d427692e928fa156ec22acfabafa0447c5805b7,18,6394.795,https://robinhoodchain.blockscout.com/token/0x2d427692e928fa156ec22acfabafa0447c5805b7,ASSET_STATUS_ACTIVE,2026-09-06T00:50:05.004891+00:00,ok,2026-09-06T00:51:12.632948+00:00
GME,GameStop • Robinhood Token,0x1b0e319c6a659f002271b69db8a7df2f911c153e,18,203814.266,https://robinhoodchain.blockscout.com/token/0x1b0e319c6a659f002271b69db8a7df2f911c153e,ASSET_STATUS_ACTIVE,2026-09-06T00:50:05.004891+00:00,ok,2026-09-06T00:51:13.592635+00:00
GOOGL,Alphabet Class A • Robinhood Token,0x2e0847e8910a9732eb3fb1bb4b70a580adad4fe3,18,8276.724,https://robinhoodchain.blockscout.com/token/0x2e0847e8910a9732eb3fb1bb4b70a580adad4fe3,ASSET_STATUS_ACTIVE,2026-09-06T00:50:05.004891+00:00,ok,2026-09-06T00:51:14.611605+00:00
HII,Huntington Ingalls • Robinhood Token,0xeb61c0ed490a367d4e3631ccf8a74b3bfc7e775d,18,176.564,https://robinhoodchain.blockscout.com/token/0xeb61c0ed490a367d4e3631ccf8a74b3bfc7e775d,ASSET_STATUS_ACTIVE,2026-09-06T00:50:05.004891+00:00,ok,2026-09-06T00:51:15.573691+00:00
HIMS,Hims & Hers Health • Robinhood Token,0xccee82fe024c36fa15e1005ede3e9e4787e23d09,18,130876.339,https://robinhoodchain.blockscout.com/token/0xccee82fe024c36fa15e1005ede3e9e4787e23d09,ASSET_STATUS_ACTIVE,2026-09-06T00:50:05.004891+00:00,ok,2026-09-06T00:51:16.513573+00:00
HPE,HP Enterprise • Robinhood Token,0x59dd09d4900c2e4b5f75b7c0d4e6796fcc234cb1,18,2543.99,https://robinhoodchain.blockscout.com/token/0x59dd09d4900c2e4b5f75b7c0d4e6796fcc234cb1,ASSET_STATUS_ACTIVE,2026-09-06T00:50:05.004891+00:00,ok,2026-09-06T00:51:17.466967+00:00
HWM,Howmet Aerospace • Robinhood Token,0xaea445c5f3db1a462998ccc422a875a361ee5d99,18,150.963,https://robinhoodchain.blockscout.com/token/0xaea445c5f3db1a462998ccc422a875a361ee5d99,ASSET_STATUS_ACTIVE,2026-09-06T00:50:05.004891+00:00,ok,2026-09-06T00:51:18.413755+00:00
IBM,IBM • Robinhood Token,0x980dcf6766fa79f5cf0c4aadb3ab477ff15a9619,18,2167.863,https://robinhoodchain.blockscout.com/token/0x980dcf6766fa79f5cf0c4aadb3ab477ff15a9619,ASSET_STATUS_ACTIVE,2026-09-06T00:50:05.004891+00:00,ok,2026-09-06T00:51:19.359340+00:00
IBRX,"ImmunityBio, • Robinhood Token",0x7c148f74ac7445d1f28366b7fcdc6792a9fcd0cf,18,4756.796,https://robinhoodchain.blockscout.com/token/0x7c148f74ac7445d1f28366b7fcdc6792a9fcd0cf,ASSET_STATUS_ACTIVE,2026-09-06T00:50:05.004891+00:00,ok,2026-09-06T00:51:20.383125+00:00
INDA,iShares MSCI India ETF • Robinhood Token,0xacef2e09adb47ad6abebad9ff06689e60615c2b6,18,8138.582,https://robinhoodchain.blockscout.com/token/0xacef2e09adb47ad6abebad9ff06689e60615c2b6,ASSET_STATUS_ACTIVE,2026-09-06T00:50:05.004891+00:00,ok,2026-09-06T00:51:21.335229+00:00
INFQ,Infleqtion • Robinhood Token,0xb853bc83a753342a4f8320ea680b4b1e84118d21,18,3632.038,https://robinhoodchain.blockscout.com/token/0xb853bc83a753342a4f8320ea680b4b1e84118d21,ASSET_STATUS_ACTIVE,2026-09-06T00:50:05.004891+00:00,ok,2026-09-06T00:51:22.291407+00:00
INOD,Innodata • Robinhood Token,0xf1953dab6fad537488d5a022361ffaa8b4c95ec6,18,567.087,https://robinhoodchain.blockscout.com/token/0xf1953dab6fad537488d5a022361ffaa8b4c95ec6,ASSET_STATUS_ACTIVE,2026-09-06T00:50:05.004891+00:00,ok,2026-09-06T00:51:23.237599+00:00
INTC,Intel • Robinhood Token,0xc72b96e0e48ecd4dc75e1e45396e26300bc39681,18,15127.105,https://robinhoodchain.blockscout.com/token/0xc72b96e0e48ecd4dc75e1e45396e26300bc39681,ASSET_STATUS_ACTIVE,2026-09-06T00:50:05.004891+00:00,ok,2026-09-06T00:51:24.187470+00:00
INTU,Intuit • Robinhood Token,0x56d23bee5f41a7120170b0c603dae30128e460e9,18,133.687,https://robinhoodchain.blockscout.com/token/0x56d23bee5f41a7120170b0c603dae30128e460e9,ASSET_STATUS_ACTIVE,2026-09-06T00:50:05.004891+00:00,ok,2026-09-06T00:51:25.136565+00:00
IONQ,IonQ • Robinhood Token,0x558378e000d634a36593e338ebacdd6207640efe,18,865.194,https://robinhoodchain.blockscout.com/token/0x558378e000d634a36593e338ebacdd6207640efe,ASSET_STATUS_ACTIVE,2026-09-06T00:50:05.004891+00:00,ok,2026-09-06T00:51:26.163766+00:00
IREN,IREN Limited • Robinhood Token,0xf0ab0c93be6f41369d302e55db1a96b3c430212d,18,823.479,https://robinhoodchain.blockscout.com/token/0xf0ab0c93be6f41369d302e55db1a96b3c430212d,ASSET_STATUS_ACTIVE,2026-09-06T00:50:05.004891+00:00,ok,2026-09-06T00:51:27.183200+00:00
JBL,Jabil Inc. • Robinhood Token,0xeaf2512dfc1beac608f8794b3793cd4e02894aa6,18,80.611,https://robinhoodchain.blockscout.com/token/0xeaf2512dfc1beac608f8794b3793cd4e02894aa6,ASSET_STATUS_ACTIVE,2026-09-06T00:50:05.004891+00:00,ok,2026-09-06T00:51:28.119610+00:00
JNJ,Johnson & Johnson • Robinhood Token,0x03dfbbe0ac4e7bcdafd08ed41a400326b77d8c80,18,1842.829,https://robinhoodchain.blockscout.com/token/0x03dfbbe0ac4e7bcdafd08ed41a400326b77d8c80,ASSET_STATUS_ACTIVE,2026-09-06T00:50:05.004891+00:00,ok,2026-09-06T00:51:29.102398+00:00
JOBY,Joby Aviation • Robinhood Token,0xb334c5ce741b80b5b671f47f5c269cb193fe8e24,18,6270.875,https://robinhoodchain.blockscout.com/token/0xb334c5ce741b80b5b671f47f5c269cb193fe8e24,ASSET_STATUS_ACTIVE,2026-09-06T00:50:05.004891+00:00,ok,2026-09-06T00:51:30.045795+00:00
KLAC,KLA • Robinhood Token,0x96b933c74ecb4a0926b9210cef7b743ef46be2e9,18,149.347,https://robinhoodchain.blockscout.com/token/0x96b933c74ecb4a0926b9210cef7b743ef46be2e9,ASSET_STATUS_ACTIVE,2026-09-06T00:50:05.004891+00:00,ok,2026-09-06T00:51:30.990204+00:00
KSS,Kohls Corporation • Robinhood Token,0x12e3c047bf9aecaf9ddc98c05c31bfd1dd043993,18,2777.148,https://robinhoodchain.blockscout.com/token/0x12e3c047bf9aecaf9ddc98c05c31bfd1dd043993,ASSET_STATUS_ACTIVE,2026-09-06T00:50:05.004891+00:00,ok,2026-09-06T00:51:31.937089+00:00
KTOS,Kratos Defense & Security Solutions • Robinhood Token,0x7fd06a4d81ccfa3f351394e144d5191874c31313,18,611.775,https://robinhoodchain.blockscout.com/token/0x7fd06a4d81ccfa3f351394e144d5191874c31313,ASSET_STATUS_ACTIVE,2026-09-06T00:50:05.004891+00:00,ok,2026-09-06T00:51:32.978449+00:00
LHX,L3Harris • Robinhood Token,0x48d60243c66437c6ac3c2495be94747aed5dfe25,18,124.075,https://robinhoodchain.blockscout.com/token/0x48d60243c66437c6ac3c2495be94747aed5dfe25,ASSET_STATUS_ACTIVE,2026-09-06T00:50:05.004891+00:00,ok,2026-09-06T00:51:34.000283+00:00
LITE,Lumentum • Robinhood Token,0x8ef20885f94e3d9bc7eb3080279188bd5ed7c08c,18,209.151,https://robinhoodchain.blockscout.com/token/0x8ef20885f94e3d9bc7eb3080279188bd5ed7c08c,ASSET_STATUS_ACTIVE,2026-09-06T00:50:05.004891+00:00,ok,2026-09-06T00:51:34.961361+00:00
LLY,Eli Lilly • Robinhood Token,0x8005d266423c7ea827372c9c864491e5786600ea,18,3375.941,https://robinhoodchain.blockscout.com/token/0x8005d266423c7ea827372c9c864491e5786600ea,ASSET_STATUS_ACTIVE,2026-09-06T00:50:05.004891+00:00,ok,2026-09-06T00:51:35.916555+00:00
LMT,Lockheed • Robinhood Token,0x329fcaceb9ad6f9580dd5f643fed0646900d043c,18,195.141,https://robinhoodchain.blockscout.com/token/0x329fcaceb9ad6f9580dd5f643fed0646900d043c,ASSET_STATUS_ACTIVE,2026-09-06T00:50:05.004891+00:00,ok,2026-09-06T00:51:36.859747+00:00
LRCX,Lam Research Corp • Robinhood Token,0x57b0030166db0c31690d1a5aa167e2e26e2c29a4,18,95.317,https://robinhoodchain.blockscout.com/token/0x57b0030166db0c31690d1a5aa167e2e26e2c29a4,ASSET_STATUS_ACTIVE,2026-09-06T00:50:05.004891+00:00,ok,2026-09-06T00:51:37.790612+00:00
LULU,Lululemon • Robinhood Token,0x4e62068525ab11fe768e29dfd00ef909b9803016,18,12733.615,https://robinhoodchain.blockscout.com/token/0x4e62068525ab11fe768e29dfd00ef909b9803016,ASSET_STATUS_ACTIVE,2026-09-06T00:50:05.004891+00:00,ok,2026-09-06T00:51:38.748069+00:00
LUNR,Intuitive Machines • Robinhood Token,0xa5d4968421ba94814be3b136b15cf422101ac1a3,18,3026.647,https://robinhoodchain.blockscout.com/token/0xa5d4968421ba94814be3b136b15cf422101ac1a3,ASSET_STATUS_ACTIVE,2026-09-06T00:50:05.004891+00:00,ok,2026-09-06T00:51:39.762425+00:00
MDB,MongoDB • Robinhood Token,0xddf2266b79abf0b48898959b0ed6e6adf512be74,18,137.804,https://robinhoodchain.blockscout.com/token/0xddf2266b79abf0b48898959b0ed6e6adf512be74,ASSET_STATUS_ACTIVE,2026-09-06T00:50:05.004891+00:00,ok,2026-09-06T00:51:40.705041+00:00
META,Meta Platforms • Robinhood Token,0xc0d6457c16cc70d6790dd43521c899c87ce02f35,18,2856.917,https://robinhoodchain.blockscout.com/token/0xc0d6457c16cc70d6790dd43521c899c87ce02f35,ASSET_STATUS_ACTIVE,2026-09-06T00:50:05.004891+00:00,ok,2026-09-06T00:51:41.685348+00:00
MOD,Modine • Robinhood Token,0xc6cbad1016b38b797610c25e1dc7d95988b1f362,18,119.474,https://robinhoodchain.blockscout.com/token/0xc6cbad1016b38b797610c25e1dc7d95988b1f362,ASSET_STATUS_ACTIVE,2026-09-06T00:50:05.004891+00:00,ok,2026-09-06T00:51:42.732446+00:00
MPWR,Monolithic Power Systems • Robinhood Token,0x52d50d0280ad1054b43f052bd70a49a212a1b128,18,17.89,https://robinhoodchain.blockscout.com/token/0x52d50d0280ad1054b43f052bd70a49a212a1b128,ASSET_STATUS_ACTIVE,2026-09-06T00:50:05.004891+00:00,ok,2026-09-06T00:51:43.687152+00:00
MRNA,Moderna • Robinhood Token,0x43b07d15ce533bec5476d70c22a78a1b2b662155,18,5558.534,https://robinhoodchain.blockscout.com/token/0x43b07d15ce533bec5476d70c22a78a1b2b662155,ASSET_STATUS_ACTIVE,2026-09-06T00:50:05.004891+00:00,ok,2026-09-06T00:51:44.632130+00:00
MRVL,Marvell Technology • Robinhood Token,0x62fd0668e10d8b72339be2dcf7643001688ff13b,18,2013.84181,https://robinhoodchain.blockscout.com/token/0x62fd0668e10d8b72339be2dcf7643001688ff13b,ASSET_STATUS_ACTIVE,2026-09-06T00:50:05.004891+00:00,ok,2026-09-06T00:51:45.587368+00:00
MSFT,Microsoft • Robinhood Token,0xe93237c50d904957cf27e7b1133b510c669c2e74,18,4835.405,https://robinhoodchain.blockscout.com/token/0xe93237c50d904957cf27e7b1133b510c669c2e74,ASSET_STATUS_ACTIVE,2026-09-06T00:50:05.004891+00:00,ok,2026-09-06T00:51:46.636354+00:00
MSTR,Strategy Inc. • Robinhood Token,0xec262a75e413fafd0df80480274532c79d42da09,18,16082.7761,https://robinhoodchain.blockscout.com/token/0xec262a75e413fafd0df80480274532c79d42da09,ASSET_STATUS_ACTIVE,2026-09-06T00:50:05.004891+00:00,ok,2026-09-06T00:51:47.676135+00:00
MTSI,MACOM • Robinhood Token,0xc93f4d80e268ab922e871bd169156c3cc41894e6,18,78.618,https://robinhoodchain.blockscout.com/token/0xc93f4d80e268ab922e871bd169156c3cc41894e6,ASSET_STATUS_ACTIVE,2026-09-06T00:50:05.004891+00:00,ok,2026-09-06T00:51:48.698905+00:00
MU,Micron Technology • Robinhood Token,0xff080c8ce2e5feadaca0da81314ae59d232d4afd,18,4223.30363887,https://robinhoodchain.blockscout.com/token/0xff080c8ce2e5feadaca0da81314ae59d232d4afd,ASSET_STATUS_ACTIVE,2026-09-06T00:50:05.004891+00:00,ok,2026-09-06T00:51:49.824737+00:00
MXL,MaxLinear • Robinhood Token,0x48961813349333209994750ffa89b3c5c22ec969,18,503.039,https://robinhoodchain.blockscout.com/token/0x48961813349333209994750ffa89b3c5c22ec969,ASSET_STATUS_ACTIVE,2026-09-06T00:50:05.004891+00:00,ok,2026-09-06T00:51:50.824586+00:00
NAVN,Navan • Robinhood Token,0xf7181b63fdb858558a74ba96bc42732684cd7965,18,713.979,https://robinhoodchain.blockscout.com/token/0xf7181b63fdb858558a74ba96bc42732684cd7965,ASSET_STATUS_ACTIVE,2026-09-06T00:50:05.004891+00:00,ok,2026-09-06T00:51:51.858170+00:00
NBIS,Nebius Group • Robinhood Token,0x9d9c6684f596f66a64c030b93a886d51fd4d7931,18,471.798,https://robinhoodchain.blockscout.com/token/0x9d9c6684f596f66a64c030b93a886d51fd4d7931,ASSET_STATUS_ACTIVE,2026-09-06T00:50:05.004891+00:00,ok,2026-09-06T00:51:52.897011+00:00
NET,"Cloudflare, Inc. Class A common stock • Robinhood Token",0x116f00968269b7bfbad4109ce591d6e74c0601d4,18,877.878,https://robinhoodchain.blockscout.com/token/0x116f00968269b7bfbad4109ce591d6e74c0601d4,ASSET_STATUS_ACTIVE,2026-09-06T00:50:05.004891+00:00,ok,2026-09-06T00:51:53.849285+00:00
NFLX,Netflix • Robinhood Token,0xe0444ef8bf4ed74f74fd73686e2ddf4c1c5591e8,18,12443.697,https://robinhoodchain.blockscout.com/token/0xe0444ef8bf4ed74f74fd73686e2ddf4c1c5591e8,ASSET_STATUS_ACTIVE,2026-09-06T00:50:05.004891+00:00,ok,2026-09-06T00:51:54.802002+00:00
NNE,Nano Nuclear Energy • Robinhood Token,0xbef75684c43c4ea7bd18dd532a2244674ee8b926,18,3003.245,https://robinhoodchain.blockscout.com/token/0xbef75684c43c4ea7bd18dd532a2244674ee8b926,ASSET_STATUS_ACTIVE,2026-09-06T00:50:05.004891+00:00,ok,2026-09-06T00:51:55.841160+00:00
NOW,ServiceNow • Robinhood Token,0x0c3260af4b8f13a69c4c2dfb84fd667890cdfa14,18,488.039,https://robinhoodchain.blockscout.com/token/0x0c3260af4b8f13a69c4c2dfb84fd667890cdfa14,ASSET_STATUS_ACTIVE,2026-09-06T00:50:05.004891+00:00,ok,2026-09-06T00:51:56.787731+00:00
NU,Nu • Robinhood Token,0x408c14038a04f7bd235329e26d2bf569ee20e250,18,14705.629,https://robinhoodchain.blockscout.com/token/0x408c14038a04f7bd235329e26d2bf569ee20e250,ASSET_STATUS_ACTIVE,2026-09-06T00:50:05.004891+00:00,ok,2026-09-06T00:51:57.721330+00:00
NVDA,NVIDIA • Robinhood Token,0xd0601ce157db5bdc3162bbac2a2c8af5320d9eec,18,65877.268,https://robinhoodchain.blockscout.com/token/0xd0601ce157db5bdc3162bbac2a2c8af5320d9eec,ASSET_STATUS_ACTIVE,2026-09-06T00:50:05.004891+00:00,ok,2026-09-06T00:51:58.673691+00:00
NVTS,Navitas Semiconductor • Robinhood Token,0xbe6702d7b70315376dc48a3293f24f0982f86386,18,1942.451,https://robinhoodchain.blockscout.com/token/0xbe6702d7b70315376dc48a3293f24f0982f86386,ASSET_STATUS_ACTIVE,2026-09-06T00:50:05.004891+00:00,ok,2026-09-06T00:51:59.695092+00:00
OKLO,Oklo • Robinhood Token,0x8b2f88497f15a18e9d4ffa1a8ffb8538399ae774,18,637.683,https://robinhoodchain.blockscout.com/token/0x8b2f88497f15a18e9d4ffa1a8ffb8538399ae774,ASSET_STATUS_ACTIVE,2026-09-06T00:50:05.004891+00:00,ok,2026-09-06T00:52:00.631708+00:00
ON,ON Semiconductor • Robinhood Token,0xbbd09f72b025360fee5c928053dca6248d35be54,18,1756.38,https://robinhoodchain.blockscout.com/token/0xbbd09f72b025360fee5c928053dca6248d35be54,ASSET_STATUS_ACTIVE,2026-09-06T00:50:05.004891+00:00,ok,2026-09-06T00:52:01.605626+00:00
ONTO,Onto Innovation • Robinhood Token,0x8ff63eaeee3fe54ba450c4f5538064ec5a893aef,18,114.578,https://robinhoodchain.blockscout.com/token/0x8ff63eaeee3fe54ba450c4f5538064ec5a893aef,ASSET_STATUS_ACTIVE,2026-09-06T00:50:05.004891+00:00,ok,2026-09-06T00:52:02.560025+00:00
ORCL,Oracle • Robinhood Token,0xb0992820e760d836549ba69bc7598b4af75dee03,18,4773.17660241,https://robinhoodchain.blockscout.com/token/0xb0992820e760d836549ba69bc7598b4af75dee03,ASSET_STATUS_ACTIVE,2026-09-06T00:50:05.004891+00:00,ok,2026-09-06T00:52:03.492232+00:00
OUST,Ouster • Robinhood Token,0x40e7a279850e443f582059ae5dc1c3b6563e6395,18,598.453,https://robinhoodchain.blockscout.com/token/0x40e7a279850e443f582059ae5dc1c3b6563e6395,ASSET_STATUS_ACTIVE,2026-09-06T00:50:05.004891+00:00,ok,2026-09-06T00:52:04.443733+00:00
P,Everpure • Robinhood Token,0x1cdad396db64bda184d5182a97dd9b3c62100b7d,18,897.306,https://robinhoodchain.blockscout.com/token/0x1cdad396db64bda184d5182a97dd9b3c62100b7d,ASSET_STATUS_ACTIVE,2026-09-06T00:50:05.004891+00:00,ok,2026-09-06T00:52:05.473066+00:00
PANW,Palo Alto Networks • Robinhood Token,0xb039597ed45cba7b6e2fb9e8be51802969cee5be,18,100.359,https://robinhoodchain.blockscout.com/token/0xb039597ed45cba7b6e2fb9e8be51802969cee5be,ASSET_STATUS_ACTIVE,2026-09-06T00:50:05.004891+00:00,ok,2026-09-06T00:52:06.414198+00:00
PATH,UiPath • Robinhood Token,0xfb2664f07b6aadd29ea7a59d8859b1aeb8645cda,18,2738.004,https://robinhoodchain.blockscout.com/token/0xfb2664f07b6aadd29ea7a59d8859b1aeb8645cda,ASSET_STATUS_ACTIVE,2026-09-06T00:50:05.004891+00:00,ok,2026-09-06T00:52:07.375883+00:00
PENG,Penguin Solutions • Robinhood Token,0x9b23573b156b52565012f5ce02cdf60afbaa70be,18,5957.293,https://robinhoodchain.blockscout.com/token/0x9b23573b156b52565012f5ce02cdf60afbaa70be,ASSET_STATUS_ACTIVE,2026-09-06T00:50:05.004891+00:00,ok,2026-09-06T00:52:08.329900+00:00
PFE,Pfizer • Robinhood Token,0x7066a64c24e4206cd62e83bf198c1e7eb361f51e,18,11783.636,https://robinhoodchain.blockscout.com/token/0x7066a64c24e4206cd62e83bf198c1e7eb361f51e,ASSET_STATUS_ACTIVE,2026-09-06T00:50:05.004891+00:00,ok,2026-09-06T00:52:09.279862+00:00
PL,Planet Labs • Robinhood Token,0xaa4d64474c172010ab57719cb9951e6142a100d3,18,2615.343,https://robinhoodchain.blockscout.com/token/0xaa4d64474c172010ab57719cb9951e6142a100d3,ASSET_STATUS_ACTIVE,2026-09-06T00:50:05.004891+00:00,ok,2026-09-06T00:52:10.221780+00:00
PLTR,Palantir Technologies • Robinhood Token,0x894e1ec2d74ffe5aef8dc8a9e84686accb964f2a,18,10493.827,https://robinhoodchain.blockscout.com/token/0x894e1ec2d74ffe5aef8dc8a9e84686accb964f2a,ASSET_STATUS_ACTIVE,2026-09-06T00:50:05.004891+00:00,ok,2026-09-06T00:52:11.235628+00:00
POET,POET Technologies • Robinhood Token,0xcf6b2d875361be807eafa57458c80f28521f9333,18,5979.225,https://robinhoodchain.blockscout.com/token/0xcf6b2d875361be807eafa57458c80f28521f9333,ASSET_STATUS_ACTIVE,2026-09-06T00:50:05.004891+00:00,ok,2026-09-06T00:52:12.181525+00:00
POWL,Powell Industries • Robinhood Token,0x237c16d66590f67b886d978acd362eaead8b18c7,18,121.904,https://robinhoodchain.blockscout.com/token/0x237c16d66590f67b886d978acd362eaead8b18c7,ASSET_STATUS_ACTIVE,2026-09-06T00:50:05.004891+00:00,ok,2026-09-06T00:52:13.141348+00:00
PR,Permian Resources • Robinhood Token,0x4189f0c66ebbb0bfef1c31f763131361ef32f77c,18,1166.275,https://robinhoodchain.blockscout.com/token/0x4189f0c66ebbb0bfef1c31f763131361ef32f77c,ASSET_STATUS_ACTIVE,2026-09-06T00:50:05.004891+00:00,ok,2026-09-06T00:52:14.092323+00:00
PWR,Quanta • Robinhood Token,0x9ab02ead789b6903c3c44d0ed32f9c707cdf12fd,18,55.027,https://robinhoodchain.blockscout.com/token/0x9ab02ead789b6903c3c44d0ed32f9c707cdf12fd,ASSET_STATUS_ACTIVE,2026-09-06T00:50:05.004891+00:00,ok,2026-09-06T00:52:15.035533+00:00
QBTS,D-Wave Quantum Inc. Common Stock • Robinhood Token,0xc583c60aef9dc401da72cec1b404743a93cea1cc,18,2158.143,https://robinhoodchain.blockscout.com/token/0xc583c60aef9dc401da72cec1b404743a93cea1cc,ASSET_STATUS_ACTIVE,2026-09-06T00:50:05.004891+00:00,ok,2026-09-06T00:52:15.997916+00:00
QCOM,Qualcomm • Robinhood Token,0x0f17206447090e464c277571124dd2688e48aea9,18,223.665,https://robinhoodchain.blockscout.com/token/0x0f17206447090e464c277571124dd2688e48aea9,ASSET_STATUS_ACTIVE,2026-09-06T00:50:05.004891+00:00,ok,2026-09-06T00:52:17.031917+00:00
QQQ,Invesco QQQ • Robinhood Token,0xd5f3879160bc7c32ebb4dc785f8a4f505888de68,18,5212.603,https://robinhoodchain.blockscout.com/token/0xd5f3879160bc7c32ebb4dc785f8a4f505888de68,ASSET_STATUS_ACTIVE,2026-09-06T00:50:05.004891+00:00,ok,2026-09-06T00:52:18.065807+00:00
QUBT,Quantum Computing • Robinhood Token,0x59818904ab4ce163b3ce4ffb64f2d6ca02c434b4,18,66113.9832,https://robinhoodchain.blockscout.com/token/0x59818904ab4ce163b3ce4ffb64f2d6ca02c434b4,ASSET_STATUS_ACTIVE,2026-09-06T00:50:05.004891+00:00,ok,2026-09-06T00:52:19.114429+00:00
RBLX,Roblox • Robinhood Token,0xf0c4bf4c582cb3836e98394b1d4e7b7281101be8,18,22181.153,https://robinhoodchain.blockscout.com/token/0xf0c4bf4c582cb3836e98394b1d4e7b7281101be8,ASSET_STATUS_ACTIVE,2026-09-06T00:50:05.004891+00:00,ok,2026-09-06T00:52:20.138195+00:00
RCAT,Red Cat • Robinhood Token,0xfde6b5d9bb419b10c23268c74e369abff39c0460,18,21073.711,https://robinhoodchain.blockscout.com/token/0xfde6b5d9bb419b10c23268c74e369abff39c0460,ASSET_STATUS_ACTIVE,2026-09-06T00:50:05.004891+00:00,ok,2026-09-06T00:52:21.067246+00:00
RDDT,Reddit • Robinhood Token,0x05b37fb53a299a1b874a619e1c4c404d52c36f4c,18,13847.74,https://robinhoodchain.blockscout.com/token/0x05b37fb53a299a1b874a619e1c4c404d52c36f4c,ASSET_STATUS_ACTIVE,2026-09-06T00:50:05.004891+00:00,ok,2026-09-06T00:52:22.055089+00:00
RDW,Redwire • Robinhood Token,0x92ef19e82bd8ff36661de838d5eae7e5cef0effe,18,2843.327,https://robinhoodchain.blockscout.com/token/0x92ef19e82bd8ff36661de838d5eae7e5cef0effe,ASSET_STATUS_ACTIVE,2026-09-06T00:50:05.004891+00:00,ok,2026-09-06T00:52:22.996347+00:00
RGTI,Rigetti Computing • Robinhood Token,0x284358abc07f9359f19f4b5b4ac91901be2597ba,18,2410.194,https://robinhoodchain.blockscout.com/token/0x284358abc07f9359f19f4b5b4ac91901be2597ba,ASSET_STATUS_ACTIVE,2026-09-06T00:50:05.004891+00:00,ok,2026-09-06T00:52:23.934171+00:00
RIVN,Rivian Automotive • Robinhood Token,0xb1bf26c1d20ff267a4f93550d1e0d06ac40a114b,18,35736.47,https://robinhoodchain.blockscout.com/token/0xb1bf26c1d20ff267a4f93550d1e0d06ac40a114b,ASSET_STATUS_ACTIVE,2026-09-06T00:50:05.004891+00:00,ok,2026-09-06T00:52:24.898783+00:00
RKLB,Rocket Lab Corporation • Robinhood Token,0x3b14c39e89d60d627b42a1a4ca45b5bb45fc12e2,18,2342.426,https://robinhoodchain.blockscout.com/token/0x3b14c39e89d60d627b42a1a4ca45b5bb45fc12e2,ASSET_STATUS_ACTIVE,2026-09-06T00:50:05.004891+00:00,ok,2026-09-06T00:52:25.923479+00:00
RUN,Sunrun • Robinhood Token,0x756bc80af765c82da966a788858d65adf14f3793,18,11811.387,https://robinhoodchain.blockscout.com/token/0x756bc80af765c82da966a788858d65adf14f3793,ASSET_STATUS_ACTIVE,2026-09-06T00:50:05.004891+00:00,ok,2026-09-06T00:52:26.875989+00:00
SATS,EchoStar • Robinhood Token,0x95052ddcd5dc25641657424a8cf04834997e1730,18,0.103,https://robinhoodchain.blockscout.com/token/0x95052ddcd5dc25641657424a8cf04834997e1730,ASSET_STATUS_ACTIVE,2026-09-06T00:50:05.004891+00:00,ok,2026-09-06T00:52:27.832848+00:00
SCHD,Schwab US Dividend Equity ETF • Robinhood Token,0xd63abb2c13d7a8421a8017a712802053568e3c1d,18,1841.688,https://robinhoodchain.blockscout.com/token/0xd63abb2c13d7a8421a8017a712802053568e3c1d,ASSET_STATUS_ACTIVE,2026-09-06T00:50:05.004891+00:00,ok,2026-09-06T00:52:28.768805+00:00
SGOV,iShares 0-3 Month Treasury Bond • Robinhood Token,0x92fd66527192e3e61d4ddd13322aa222de86f9b5,18,21883.81405394,https://robinhoodchain.blockscout.com/token/0x92fd66527192e3e61d4ddd13322aa222de86f9b5,ASSET_STATUS_ACTIVE,2026-09-06T00:50:05.004891+00:00,ok,2026-09-06T00:52:29.708139+00:00
SHOP,Shopify • Robinhood Token,0xf53f66751b1eff985311b693531e3290f600c410,18,1365.381,https://robinhoodchain.blockscout.com/token/0xf53f66751b1eff985311b693531e3290f600c410,ASSET_STATUS_ACTIVE,2026-09-06T00:50:05.004891+00:00,ok,2026-09-06T00:52:30.665747+00:00
SHY,iShares 1-3 Year Treasury Bond ETF • Robinhood Token,0xbe274710bf3d9567e1b290ef6a5f9f90ca016fd8,18,352.046,https://robinhoodchain.blockscout.com/token/0xbe274710bf3d9567e1b290ef6a5f9f90ca016fd8,ASSET_STATUS_ACTIVE,2026-09-06T00:50:05.004891+00:00,ok,2026-09-06T00:52:31.688102+00:00
SIMO,Silicon Motion • Robinhood Token,0x77e655e37f4d913fb9540e0d541d824171a60e81,18,181.339,https://robinhoodchain.blockscout.com/token/0x77e655e37f4d913fb9540e0d541d824171a60e81,ASSET_STATUS_ACTIVE,2026-09-06T00:50:05.004891+00:00,ok,2026-09-06T00:52:32.733528+00:00
SKHY,SK hynix Inc. American Depositary Shares • Robinhood Token,0x84cab63bc87912e71ad199ff14a0ba45de68fef8,18,4845,https://robinhoodchain.blockscout.com/token/0x84cab63bc87912e71ad199ff14a0ba45de68fef8,ASSET_STATUS_ACTIVE,2026-09-06T00:50:05.004891+00:00,ok,2026-09-06T00:52:33.676422+00:00
SLS,SELLAS Life Sciences • Robinhood Token,0x285b231728c7e4333799183df1094d775246a535,18,2081,https://robinhoodchain.blockscout.com/token/0x285b231728c7e4333799183df1094d775246a535,ASSET_STATUS_ACTIVE,2026-09-06T00:50:05.004891+00:00,ok,2026-09-06T00:52:34.640221+00:00
SLV,iShares Silver Trust • Robinhood Token,0x411efb0e7f985935daec3d4c3ebaea0d0ad7d89f,18,23347.075,https://robinhoodchain.blockscout.com/token/0x411efb0e7f985935daec3d4c3ebaea0d0ad7d89f,ASSET_STATUS_ACTIVE,2026-09-06T00:50:05.004891+00:00,ok,2026-09-06T00:52:35.585605+00:00
SMCI,Super Micro Computer • Robinhood Token,0xc01aa1fecec0605b13bc84874ff7256c0f5f562a,18,1650.078,https://robinhoodchain.blockscout.com/token/0xc01aa1fecec0605b13bc84874ff7256c0f5f562a,ASSET_STATUS_ACTIVE,2026-09-06T00:50:05.004891+00:00,ok,2026-09-06T00:52:36.528352+00:00
SMH,VanEck Semiconductor ETF • Robinhood Token,0x072f979c2cac8e1391b0162a87fee094bf8744a0,18,141.108,https://robinhoodchain.blockscout.com/token/0x072f979c2cac8e1391b0162a87fee094bf8744a0,ASSET_STATUS_ACTIVE,2026-09-06T00:50:05.004891+00:00,ok,2026-09-06T00:52:37.479502+00:00
SMR,NuScale Power • Robinhood Token,0x1eebee7f74517e0279dfb09d25b0407beec3fdd6,18,3971.644,https://robinhoodchain.blockscout.com/token/0x1eebee7f74517e0279dfb09d25b0407beec3fdd6,ASSET_STATUS_ACTIVE,2026-09-06T00:50:05.004891+00:00,ok,2026-09-06T00:52:38.634269+00:00
SNAP,Snap • Robinhood Token,0xf6589f11bc40b669e584073f428b05562f568733,18,293498.777,https://robinhoodchain.blockscout.com/token/0xf6589f11bc40b669e584073f428b05562f568733,ASSET_STATUS_ACTIVE,2026-09-06T00:50:05.004891+00:00,ok,2026-09-06T00:52:39.587869+00:00
SNDK,Sandisk Corporation • Robinhood Token,0xb90a19ff0af67f7779aff50a882a9cff42446400,18,999.172,https://robinhoodchain.blockscout.com/token/0xb90a19ff0af67f7779aff50a882a9cff42446400,ASSET_STATUS_ACTIVE,2026-09-06T00:50:05.004891+00:00,ok,2026-09-06T00:52:40.622571+00:00
SNOW,Snowflake • Robinhood Token,0xba0cab75495255d0cb58e22b648bfed4ecd1f47e,18,734.641,https://robinhoodchain.blockscout.com/token/0xba0cab75495255d0cb58e22b648bfed4ecd1f47e,ASSET_STATUS_ACTIVE,2026-09-06T00:50:05.004891+00:00,ok,2026-09-06T00:52:41.646437+00:00
SOFI,SoFi Technologies • Robinhood Token,0x98e75885157c80992a8d41b696d8c9c6fb30a926,18,5474.304,https://robinhoodchain.blockscout.com/token/0x98e75885157c80992a8d41b696d8c9c6fb30a926,ASSET_STATUS_ACTIVE,2026-09-06T00:50:05.004891+00:00,ok,2026-09-06T00:52:42.597337+00:00
SOUN,SoundHound AI • Robinhood Token,0x6e3dfd9f7e1649baa14d25cac18c94d62db10a54,18,16521.11,https://robinhoodchain.blockscout.com/token/0x6e3dfd9f7e1649baa14d25cac18c94d62db10a54,ASSET_STATUS_ACTIVE,2026-09-06T00:50:05.004891+00:00,ok,2026-09-06T00:52:43.546850+00:00
SOXX,iShares Semiconductor ETF • Robinhood Token,0x75742c18bc1f1c5c5f448f4c9d9c6f66dafaaa38,18,405.86,https://robinhoodchain.blockscout.com/token/0x75742c18bc1f1c5c5f448f4c9d9c6f66dafaaa38,ASSET_STATUS_ACTIVE,2026-09-06T00:50:05.004891+00:00,ok,2026-09-06T00:52:44.484580+00:00
SPCX,Space Exploration Technologies Corp. Class A Common Stock • Robinhood Token,0x4a0e65a3eccec6dbe60ae065f2e7bb85fae35eea,18,58787.815,https://robinhoodchain.blockscout.com/token/0x4a0e65a3eccec6dbe60ae065f2e7bb85fae35eea,ASSET_STATUS_ACTIVE,2026-09-06T00:50:05.004891+00:00,ok,2026-09-06T00:52:45.433449+00:00
SPMO,Invesco S&P 500 Momentum ETF • Robinhood Token,0xad622320e520de39e72d41ef07438c3fd3354875,18,363.882,https://robinhoodchain.blockscout.com/token/0xad622320e520de39e72d41ef07438c3fd3354875,ASSET_STATUS_ACTIVE,2026-09-06T00:50:05.004891+00:00,ok,2026-09-06T00:52:46.385243+00:00
SPY,SPDR S&P 500 ETF Trust • Robinhood Token,0x117cc2133c37b721f49de2a7a74833232b3b4c0c,18,22573.21,https://robinhoodchain.blockscout.com/token/0x117cc2133c37b721f49de2a7a74833232b3b4c0c,ASSET_STATUS_ACTIVE,2026-09-06T00:50:05.004891+00:00,ok,2026-09-06T00:52:47.409571+00:00
TE,T1 Energy • Robinhood Token,0xb1969f6604ca1ae7a2cd3f1827876e914594ca2d,18,16674.848,https://robinhoodchain.blockscout.com/token/0xb1969f6604ca1ae7a2cd3f1827876e914594ca2d,ASSET_STATUS_ACTIVE,2026-09-06T00:50:05.004891+00:00,ok,2026-09-06T00:52:48.350195+00:00
TEAM,Atlassian Corporation • Robinhood Token,0x5b97476b922f3305131b8f0b9d333172e87f4aae,18,171.379,https://robinhoodchain.blockscout.com/token/0x5b97476b922f3305131b8f0b9d333172e87f4aae,ASSET_STATUS_ACTIVE,2026-09-06T00:50:05.004891+00:00,ok,2026-09-06T00:52:49.318091+00:00
TEM,Tempus AI • Robinhood Token,0xb1cc0ec7db69cf43539119814df40071b9d61793,18,346.651,https://robinhoodchain.blockscout.com/token/0xb1cc0ec7db69cf43539119814df40071b9d61793,ASSET_STATUS_ACTIVE,2026-09-06T00:50:05.004891+00:00,ok,2026-09-06T00:52:50.268871+00:00
TER,Teradyne • Robinhood Token,0x2778c5024d5ca2cdb0f8ead671ffc69963adcd9c,18,146.569,https://robinhoodchain.blockscout.com/token/0x2778c5024d5ca2cdb0f8ead671ffc69963adcd9c,ASSET_STATUS_ACTIVE,2026-09-06T00:50:05.004891+00:00,ok,2026-09-06T00:52:51.213155+00:00
TSEM,Tower Semiconductor • Robinhood Token,0x89776d4cd68193597a2fc132cfac1fde36ccea8a,18,162.16,https://robinhoodchain.blockscout.com/token/0x89776d4cd68193597a2fc132cfac1fde36ccea8a,ASSET_STATUS_ACTIVE,2026-09-06T00:50:05.004891+00:00,ok,2026-09-06T00:52:52.146544+00:00
TSLA,Tesla • Robinhood Token,0x322f0929c4625ed5bad873c95208d54e1c003b2d,18,12254.791,https://robinhoodchain.blockscout.com/token/0x322f0929c4625ed5bad873c95208d54e1c003b2d,ASSET_STATUS_ACTIVE,2026-09-06T00:50:05.004891+00:00,ok,2026-09-06T00:52:53.217033+00:00
TSM,Taiwan Semiconductor Manufacturing • Robinhood Token,0x58ffe4a942d3885baa22d7520691f611ef09e7aa,18,3449.9167,https://robinhoodchain.blockscout.com/token/0x58ffe4a942d3885baa22d7520691f611ef09e7aa,ASSET_STATUS_ACTIVE,2026-09-06T00:50:05.004891+00:00,ok,2026-09-06T00:52:54.223266+00:00
TTD,Trade Desk • Robinhood Token,0x0b5fb4031cae9163db10b169ee72685f0edc8545,18,3639.108,https://robinhoodchain.blockscout.com/token/0x0b5fb4031cae9163db10b169ee72685f0edc8545,ASSET_STATUS_ACTIVE,2026-09-06T00:50:05.004891+00:00,ok,2026-09-06T00:52:55.163293+00:00
TTWO,Take-Two Interactive Software • Robinhood Token,0x5e81213613b6b86eab4c6c50d718d34359459786,18,8280.128,https://robinhoodchain.blockscout.com/token/0x5e81213613b6b86eab4c6c50d718d34359459786,ASSET_STATUS_ACTIVE,2026-09-06T00:50:05.004891+00:00,ok,2026-09-06T00:52:56.134638+00:00
UMC,United Microelectronics • Robinhood Token,0x0e6e67ba88e7b5d9b67636a215c76779b948de79,18,1643.565,https://robinhoodchain.blockscout.com/token/0x0e6e67ba88e7b5d9b67636a215c76779b948de79,ASSET_STATUS_ACTIVE,2026-09-06T00:50:05.004891+00:00,ok,2026-09-06T00:52:57.083617+00:00
UNH,UnitedHealth • Robinhood Token,0xcf364ea52787e289de6f32077834056e3e70d6a8,18,224.878,https://robinhoodchain.blockscout.com/token/0xcf364ea52787e289de6f32077834056e3e70d6a8,ASSET_STATUS_ACTIVE,2026-09-06T00:50:05.004891+00:00,ok,2026-09-06T00:52:58.021171+00:00
UPS,UPS • Robinhood Token,0xf23250dac154d05bb671cb0d0ebef3c635c79ce2,18,4326.68000383,https://robinhoodchain.blockscout.com/token/0xf23250dac154d05bb671cb0d0ebef3c635c79ce2,ASSET_STATUS_ACTIVE,2026-09-06T00:50:05.004891+00:00,ok,2026-09-06T00:52:58.973492+00:00
USAR,USA Rare Earth • Robinhood Token,0xd917b029c761d264c6a312bbbcda868658ef86a6,18,46347.421,https://robinhoodchain.blockscout.com/token/0xd917b029c761d264c6a312bbbcda868658ef86a6,ASSET_STATUS_ACTIVE,2026-09-06T00:50:05.004891+00:00,ok,2026-09-06T00:52:59.997188+00:00
USO,United States Oil Fund • Robinhood Token,0xa30fa36db767ad9ed3f7a60fc79526fb4d56d344,18,10576.078,https://robinhoodchain.blockscout.com/token/0xa30fa36db767ad9ed3f7a60fc79526fb4d56d344,ASSET_STATUS_ACTIVE,2026-09-06T00:50:05.004891+00:00,ok,2026-09-06T00:53:00.955058+00:00
VICR,Vicor • Robinhood Token,0x6006ed4b2f94110851ff7509d97d034f0eed9226,18,101.742,https://robinhoodchain.blockscout.com/token/0x6006ed4b2f94110851ff7509d97d034f0eed9226,ASSET_STATUS_ACTIVE,2026-09-06T00:50:05.004891+00:00,ok,2026-09-06T00:53:01.901439+00:00
VRT,Vertiv • Robinhood Token,0xfa78c12e6488814a0262e4e802749a4a737d5fb7,18,174.841,https://robinhoodchain.blockscout.com/token/0xfa78c12e6488814a0262e4e802749a4a737d5fb7,ASSET_STATUS_ACTIVE,2026-09-06T00:50:05.004891+00:00,ok,2026-09-06T00:53:02.837359+00:00
VSAT,ViaSat • Robinhood Token,0x26dcbfb34fc83cabd6990f449674efdc6097ff85,18,356.629,https://robinhoodchain.blockscout.com/token/0x26dcbfb34fc83cabd6990f449674efdc6097ff85,ASSET_STATUS_ACTIVE,2026-09-06T00:50:05.004891+00:00,ok,2026-09-06T00:53:03.789118+00:00
VST,Vistra • Robinhood Token,0x561e2a49212b7ccf47f2744ccb83e200722fadbc,18,244.797,https://robinhoodchain.blockscout.com/token/0x561e2a49212b7ccf47f2744ccb83e200722fadbc,ASSET_STATUS_ACTIVE,2026-09-06T00:50:05.004891+00:00,ok,2026-09-06T00:53:04.741377+00:00
VTI,Vanguard Morningstar Total Stock Market ETF • Robinhood Token,0x0594134df3f171a354d9c85ebd65b7a6148f6d09,18,43.892,https://robinhoodchain.blockscout.com/token/0x0594134df3f171a354d9c85ebd65b7a6148f6d09,ASSET_STATUS_ACTIVE,2026-09-06T00:50:05.004891+00:00,ok,2026-09-06T00:53:05.761797+00:00
WDAY,Workday • Robinhood Token,0x82da4646242e1d962e96e932269dc644c94a9caa,18,637.583,https://robinhoodchain.blockscout.com/token/0x82da4646242e1d962e96e932269dc644c94a9caa,ASSET_STATUS_ACTIVE,2026-09-06T00:50:05.004891+00:00,ok,2026-09-06T00:53:06.711494+00:00
WDC,Western Digital • Robinhood Token,0xf52597345a8edf418bc4071b4a35112472277d3e,18,78.735,https://robinhoodchain.blockscout.com/token/0xf52597345a8edf418bc4071b4a35112472277d3e,ASSET_STATUS_ACTIVE,2026-09-06T00:50:05.004891+00:00,ok,2026-09-06T00:53:07.669607+00:00
WULF,TeraWulf • Robinhood Token,0x348be1a8663f15edde5cdf8a96bb69078f7ab6fd,18,3662.193,https://robinhoodchain.blockscout.com/token/0x348be1a8663f15edde5cdf8a96bb69078f7ab6fd,ASSET_STATUS_ACTIVE,2026-09-06T00:50:05.004891+00:00,ok,2026-09-06T00:53:08.600966+00:00
WYFI,"WhiteFiber, Inc. • Robinhood Token",0x9e7abd3c9139d14e4c86dce0e455aab7a0c2fb3e,18,16598,https://robinhoodchain.blockscout.com/token/0x9e7abd3c9139d14e4c86dce0e455aab7a0c2fb3e,ASSET_STATUS_ACTIVE,2026-09-06T00:50:05.004891+00:00,ok,2026-09-06T00:53:09.548533+00:00
XLK,State Street Technology Select Sector SPDR ETF • Robinhood Token,0x15cd20759ce7f3285c29a319de2d1a2e098c6f43,18,317.859,https://robinhoodchain.blockscout.com/token/0x15cd20759ce7f3285c29a319de2d1a2e098c6f43,ASSET_STATUS_ACTIVE,2026-09-06T00:50:05.004891+00:00,ok,2026-09-06T00:53:10.504651+00:00
XNDU,Xanadu Quantum • Robinhood Token,0xa8eb3bccbf2017ee7cbfb652eb51cf2e1b153289,18,2095,https://robinhoodchain.blockscout.com/token/0xa8eb3bccbf2017ee7cbfb652eb51cf2e1b153289,ASSET_STATUS_ACTIVE,2026-09-06T00:50:05.004891+00:00,ok,2026-09-06T00:53:11.538050+00:00
XOM,ExxonMobil Holdings Corporation • Robinhood Token,0xf9b46d3d1b22199d4d1025a9cedb540a33f1a2d5,18,562.777,https://robinhoodchain.blockscout.com/token/0xf9b46d3d1b22199d4d1025a9cedb540a33f1a2d5,ASSET_STATUS_ACTIVE,2026-09-06T00:50:05.004891+00:00,ok,2026-09-06T00:53:12.493350+00:00
ZM,Zoom • Robinhood Token,0x44c4f142009036cf477ed2d09932051843137cf1,18,1261.472,https://robinhoodchain.blockscout.com/token/0x44c4f142009036cf477ed2d09932051843137cf1,ASSET_STATUS_ACTIVE,2026-09-06T00:50:05.004891+00:00,ok,2026-09-06T00:53:13.435948+00:00
ZS,Zscaler • Robinhood Token,0x7dc013eb55e436f30d7ed1afe4e36d6e45e3c3f7,18,171.561,https://robinhoodchain.blockscout.com/token/0x7dc013eb55e436f30d7ed1afe4e36d6e45e3c3f7,ASSET_STATUS_ACTIVE,2026-09-06T00:50:05.004891+00:00,ok,2026-09-06T00:53:14.485298+00:00
